huc8,radar_coverage_mean,radar_coverage_min,radar_coverage_max,radar_coverage_valid_frac,radar_coverage_frac_ge50,radar_coverage_frac_ge100
01010002,62.2418,0.0,100.0,1.0,0.6349,0.5491
01010003,79.8256,0.0,100.0,1.0,0.8056,0.7524
01010004,99.9595,0.0,100.0,0.9839,0.9997,0.9822
01010005,98.9329,0.0,100.0,0.814,0.992,0.965
01010006,0.066,0.0,100.0,0.9394,0.0006,0.0006
01010007,0.0004,0.0,0.0482,0.97,0.0,0.0
01010008,5.9235,0.0,100.0,0.3797,0.0597,0.0383
01010009,73.9298,0.0,100.0,0.1006,0.743,0.7068
01010010,98.8341,0.0,100.0,0.1936,0.9931,0.9635
01010011,69.6982,0.0,100.0,0.0135,0.6891,0.6002
01020001,60.0046,0.0,100.0,0.9994,0.6038,0.5434
01020002,90.3091,0.0,100.0,1.0,0.9211,0.8102
01020003,99.731,0.0,100.0,1.0,0.9985,0.961
01020004,51.4218,0.0,100.0,1.0,0.5159,0.4595
01020005,43.1463,0.0,100.0,0.9869,0.4368,0.3952
01030001,14.4389,0.0,100.0,0.9273,0.1447,0.1156
01030002,58.8335,0.0,100.0,1.0,0.6202,0.4693
01030003,86.2985,0.0,100.0,0.9981,0.8727,0.8023
01040001,93.1606,0.0,100.0,0.9988,0.9473,0.8379
01040002,79.1116,0.0,100.0,0.9973,0.8195,0.6597
01050001,98.0115,0.0,100.0,0.5834,0.981,0.974
01050002,26.7603,0.0,100.0,0.6055,0.2685,0.231
01050003,99.2222,0.0,100.0,0.7034,0.995,0.9832
01050004,15.0194,0.0,100.0,0.2898,0.1438,0.124
01060001,96.0164,0.0,100.0,0.7351,0.9705,0.9077
01060002,76.3185,0.0,100.0,0.9996,0.7824,0.6419
01060003,99.7593,0.0,100.0,0.8041,0.9985,0.9815
01070001,83.8246,0.0,100.0,1.0,0.8527,0.7487
01070002,97.9615,0.0,100.0,1.0,0.9886,0.9026
01070003,70.9646,0.0,100.0,1.0,0.7177,0.6278
01070004,99.4107,0.0,100.0,1.0,0.9973,0.9224
01070005,99.8536,0.0,100.0,1.0,0.9991,0.952
01070006,97.0924,0.0,100.0,0.9975,0.9785,0.9288
01080101,60.4803,0.0,100.0,0.9976,0.6216,0.5119
01080102,14.6559,0.0,100.0,1.0,0.1395,0.1029
01080103,51.9914,0.0,100.0,1.0,0.5349,0.4183
01080104,18.7123,0.0,100.0,1.0,0.177,0.1272
01080105,15.93,0.0,100.0,1.0,0.1592,0.1165
01080106,14.2526,0.0,100.0,1.0,0.1345,0.0965
01080107,44.0561,0.0,100.0,1.0,0.4496,0.3605
01080201,77.3885,0.0,100.0,1.0,0.781,0.6895
01080202,99.5174,0.0,100.0,1.0,0.9955,0.9928
01080203,90.7276,0.0,100.0,1.0,0.9091,0.8726
01080204,99.8489,43.961,100.0,1.0,0.9985,0.9961
01080205,98.5607,0.0,100.0,0.9884,0.998,0.9688
01080206,91.4297,0.0,100.0,1.0,0.9203,0.8749
01080207,100.0,100.0,100.0,1.0,1.0,1.0
01090001,99.6629,0.0,100.0,0.6831,0.9972,0.9931
01090002,98.5318,0.0,100.0,0.3318,0.9899,0.9684
01090003,97.1609,0.0,100.0,1.0,0.9791,0.8889
01090004,97.658,0.0,100.0,0.8188,0.9804,0.9478
01090006,97.0426,0.0,100.0,0.2799,0.9791,0.9478
01100001,99.5489,0.0,100.0,1.0,0.9976,0.9528
01100002,99.9987,99.434,100.0,1.0,1.0,0.9966
01100003,99.5415,0.0,100.0,0.9709,0.997,0.976
01100004,99.8019,0.0,100.0,0.9888,0.9986,0.9957
01100005,99.9677,0.0,100.0,0.9996,0.9998,0.9993
01100006,99.7808,0.0,100.0,0.9864,0.9984,0.9943
01100007,99.97,75.0,100.0,1.0,1.0,0.9976
02020001,86.0708,0.0,100.0,1.0,0.8788,0.7825
02020002,100.0,100.0,100.0,1.0,1.0,1.0
02020003,97.9035,0.0,100.0,1.0,0.983,0.9249
02020004,99.9329,0.0,100.0,1.0,0.9997,0.9774
02020005,99.0932,0.0,100.0,1.0,0.9955,0.936
02020006,93.7904,0.0,100.0,1.0,0.9431,0.9028
02020007,59.7879,0.0,100.0,1.0,0.6137,0.4913
02020008,94.5635,0.0,100.0,1.0,0.9572,0.886
02030101,99.746,0.0,100.0,0.9084,0.9984,0.9952
02030102,99.5077,0.0,100.0,0.8918,0.9957,0.9913
02030103,100.0,100.0,100.0,0.9994,1.0,1.0
02030104,98.5197,0.0,100.0,0.7313,0.9888,0.9712
02030105,100.0,100.0,100.0,0.9977,1.0,1.0
02030201,97.9488,0.0,100.0,0.7249,0.9862,0.962
02030202,94.7932,0.0,100.0,0.4629,0.9547,0.9178
02030203,90.053,0.0,100.0,0.0069,0.9564,0.6958
02040101,100.0,100.0,100.0,1.0,1.0,1.0
02040102,100.0,100.0,100.0,1.0,1.0,1.0
02040103,99.7348,0.0,100.0,1.0,0.9982,0.9934
02040104,77.9664,0.0,100.0,1.0,0.801,0.6658
02040105,99.7273,88.863,100.0,1.0,1.0,0.9735
02040106,84.6406,0.0,100.0,1.0,0.8552,0.7972
02040201,99.8275,90.243,100.0,1.0,1.0,0.9818
02040202,98.0457,0.0,100.0,0.9755,0.984,0.955
02040203,63.3501,0.0,100.0,0.9998,0.6374,0.5977
02040204,,,,0.0,,
02040205,99.8458,0.0,100.0,0.9776,0.999,0.9955
02040206,99.6262,0.0,100.0,0.8327,0.9974,0.9877
02040207,94.991,0.0,100.0,0.8174,0.9539,0.9216
02040301,98.2578,0.0,100.0,0.7352,0.9856,0.9628
02040302,99.0988,0.0,100.0,0.714,0.9935,0.9829
02040303,98.3496,0.0,100.0,0.4993,0.9878,0.9692
02040304,75.6786,0.0,100.0,0.3403,0.7674,0.71
02050101,99.9918,80.0,100.0,1.0,1.0,0.9921
02050102,99.8152,0.0,100.0,1.0,0.9989,0.9934
02050103,98.9511,0.0,100.0,1.0,0.9912,0.9581
02050104,99.9242,0.0,100.0,1.0,0.9997,0.9738
02050105,99.9972,99.817,100.0,1.0,1.0,0.9828
02050106,99.9374,0.0,100.0,1.0,0.9996,0.9711
02050107,55.3835,0.0,100.0,1.0,0.5609,0.4883
02050201,99.2585,0.0,100.0,1.0,0.9937,0.9767
02050202,99.9998,99.543,100.0,1.0,1.0,0.9997
02050203,99.9926,99.727,100.0,1.0,1.0,0.9674
02050204,99.8318,0.0,100.0,1.0,0.9991,0.9682
02050205,99.8032,0.0,100.0,1.0,0.9989,0.9639
02050206,78.7829,0.0,100.0,1.0,0.7916,0.74
02050301,49.9756,0.0,100.0,1.0,0.501,0.4762
02050302,100.0,100.0,100.0,1.0,1.0,1.0
02050303,96.2532,0.0,100.0,1.0,0.9727,0.9035
02050304,99.3257,0.0,100.0,1.0,0.9947,0.9639
02050305,47.906,0.0,100.0,1.0,0.4822,0.4493
02050306,75.5493,0.0,100.0,0.9978,0.7624,0.7073
02060001,,,,0.0,,
02060002,99.1592,0.0,100.0,0.8155,0.9948,0.9819
02060003,99.73,0.0,100.0,0.9105,0.9977,0.9946
02060004,98.5206,0.0,100.0,0.7953,0.9898,0.9682
02060005,99.6123,0.0,100.0,0.7093,0.9981,0.9899
02060006,99.9951,91.667,100.0,0.9427,1.0,0.9991
02070001,62.0381,0.0,100.0,1.0,0.6349,0.534
02070002,76.4017,0.0,100.0,1.0,0.7727,0.6891
02070003,73.4605,0.0,100.0,1.0,0.7532,0.6519
02070004,89.8773,0.0,100.0,1.0,0.9134,0.8297
02070005,15.354,0.0,100.0,1.0,0.154,0.1229
02070006,52.4975,0.0,100.0,1.0,0.5366,0.4465
02070007,92.7408,0.0,100.0,1.0,0.9187,0.8733
02070008,94.9555,0.0,100.0,1.0,0.9613,0.912
02070009,96.6927,0.0,100.0,1.0,0.9723,0.93
02070010,99.9397,70.961,100.0,0.9572,1.0,0.9979
02070011,99.355,0.0,100.0,0.7366,0.9955,0.9845
02080101,,,,0.0,,
02080102,99.3395,0.0,100.0,0.7532,0.9978,0.9821
02080103,83.5841,0.0,100.0,1.0,0.8454,0.7692
02080104,99.4393,0.0,100.0,0.861,0.9977,0.9713
02080105,100.0,100.0,100.0,0.9988,1.0,1.0
02080106,99.1082,0.0,100.0,0.9951,0.9925,0.9549
02080107,98.917,0.0,100.0,0.7429,0.9947,0.9698
02080108,99.9148,60.0,100.0,0.7776,1.0,0.9979
02080109,98.5777,0.0,100.0,0.9683,0.9879,0.96
02080110,98.6679,0.0,100.0,0.6593,0.9894,0.9765
02080111,97.6202,0.0,100.0,0.779,0.9784,0.9657
02080201,59.1081,0.0,100.0,1.0,0.5957,0.5355
02080202,17.212,0.0,100.0,1.0,0.1734,0.1306
02080203,10.0971,0.0,100.0,1.0,0.0893,0.0619
02080204,65.8208,0.0,100.0,1.0,0.6756,0.5611
02080205,77.3339,0.0,100.0,1.0,0.7669,0.7214
02080206,99.3658,0.0,100.0,0.8631,0.9924,0.9866
02080207,86.7916,0.0,100.0,0.9988,0.8774,0.8251
02080208,99.1694,0.0,100.0,0.8652,0.9956,0.9825
03010101,85.8606,0.0,100.0,1.0,0.8625,0.8168
03010102,49.2684,0.0,100.0,1.0,0.505,0.4455
03010103,89.0081,0.0,100.0,1.0,0.8933,0.8698
03010104,99.2256,0.0,100.0,1.0,0.9967,0.9604
03010105,52.8363,0.0,100.0,1.0,0.5326,0.446
03010106,99.0744,77.062,100.0,1.0,1.0,0.9578
03010107,99.107,66.667,100.0,0.9956,1.0,0.9557
03010201,99.9997,98.859,100.0,1.0,1.0,0.9998
03010202,96.0217,0.0,100.0,1.0,0.966,0.9144
03010203,99.9924,98.911,100.0,0.942,1.0,0.9918
03010204,99.9788,92.857,100.0,1.0,1.0,0.9608
03010205,79.914,0.0,100.0,0.6008,0.8012,0.7855
03020101,100.0,100.0,100.0,1.0,1.0,1.0
03020102,100.0,100.0,100.0,1.0,1.0,1.0
03020103,100.0,100.0,100.0,0.9992,1.0,1.0
03020104,99.2891,0.0,100.0,0.8538,0.9948,0.9857
03020105,95.0081,0.0,100.0,0.2084,0.9523,0.9408
03020201,99.0235,0.0,100.0,1.0,0.9911,0.9745
03020202,99.9741,99.091,100.0,0.9993,1.0,0.9648
03020203,100.0,100.0,100.0,1.0,1.0,1.0
03020204,99.5776,0.0,100.0,0.7282,0.9973,0.9864
03020301,93.4715,0.0,100.0,0.6112,0.9425,0.911
03020302,99.1495,0.0,100.0,0.6476,0.993,0.9803
03030002,95.4062,0.0,100.0,1.0,0.9581,0.924
03030003,97.2618,0.0,100.0,1.0,0.9755,0.9416
03030004,99.9528,97.211,100.0,1.0,1.0,0.9794
03030005,99.7674,0.0,100.0,0.9158,0.9984,0.9545
03030006,99.9967,98.384,100.0,1.0,1.0,0.9977
03030007,100.0,100.0,100.0,1.0,1.0,1.0
03040101,36.6491,0.0,100.0,1.0,0.3621,0.3161
03040102,0.1216,0.0,100.0,1.0,0.0008,0.0004
03040103,25.4807,0.0,100.0,1.0,0.2563,0.2213
03040104,44.5898,0.0,100.0,1.0,0.441,0.3863
03040105,28.883,0.0,100.0,1.0,0.2891,0.2717
03040201,64.6167,0.0,100.0,1.0,0.6427,0.6149
03040202,100.0,100.0,100.0,1.0,1.0,1.0
03040203,99.9931,81.098,100.0,1.0,1.0,0.9993
03040204,87.6121,0.0,100.0,1.0,0.8806,0.8308
03040205,96.8919,0.0,100.0,0.9998,0.9703,0.951
03040206,98.7025,0.0,100.0,0.9969,0.9889,0.953
03040207,98.0929,0.0,100.0,0.8451,0.9802,0.962
03040208,94.4934,0.0,100.0,0.547,0.955,0.8971
03050101,74.1334,0.0,100.0,1.0,0.7543,0.6588
03050102,98.0131,0.0,100.0,1.0,0.9848,0.9058
03050103,96.2148,0.0,100.0,1.0,0.9684,0.9306
03050104,99.6166,83.897,100.0,1.0,1.0,0.9721
03050105,97.0532,0.0,100.0,1.0,0.9771,0.9175
03050106,99.9492,97.274,100.0,1.0,1.0,0.9715
03050107,99.8615,0.0,100.0,1.0,0.9995,0.9564
03050108,99.4296,0.0,100.0,1.0,0.9952,0.9472
03050109,99.8299,0.0,100.0,1.0,0.9994,0.9651
03050110,97.1166,0.0,100.0,1.0,0.9719,0.9329
03050111,99.7522,87.524,100.0,1.0,1.0,0.9579
03050112,53.7358,0.0,100.0,0.9501,0.5395,0.4796
03050201,89.9616,0.0,100.0,0.9364,0.9044,0.8704
03050202,99.5487,0.0,100.0,0.7869,0.9973,0.9907
03050203,100.0,100.0,100.0,1.0,1.0,1.0
03050204,100.0,100.0,100.0,1.0,1.0,1.0
03050205,100.0,100.0,100.0,1.0,1.0,1.0
03050206,99.82,0.0,100.0,0.8891,0.9986,0.9966
03050207,100.0,100.0,100.0,0.9559,1.0,1.0
03050208,96.7512,0.0,100.0,0.873,0.9705,0.9458
03050209,22.0029,0.0,100.0,0.4148,0.2318,0.1785
03050210,92.5596,0.0,100.0,0.2827,0.9464,0.8839
03060101,91.9829,0.0,100.0,1.0,0.9361,0.8393
03060102,86.6534,0.0,100.0,1.0,0.8723,0.8041
03060103,97.7443,0.0,100.0,1.0,0.9827,0.9401
03060104,77.3563,0.0,100.0,1.0,0.7762,0.7211
03060105,92.4385,0.0,100.0,1.0,0.9389,0.8524
03060106,99.5439,0.0,100.0,1.0,0.9991,0.9644
03060107,99.9948,90.219,100.0,1.0,1.0,0.9995
03060108,98.9867,0.0,100.0,1.0,0.9948,0.9328
03060109,99.7205,0.0,100.0,0.9567,0.9996,0.967
03060110,99.8029,0.0,100.0,0.7783,0.9988,0.9963
03060201,100.0,100.0,100.0,1.0,1.0,1.0
03060202,100.0,100.0,100.0,1.0,1.0,1.0
03060203,100.0,100.0,100.0,1.0,1.0,1.0
03060204,98.8892,0.0,100.0,0.7798,0.9919,0.9787
03070101,94.4716,0.0,100.0,1.0,0.9484,0.9254
03070102,99.1735,0.0,100.0,1.0,0.9945,0.9521
03070103,100.0,100.0,100.0,1.0,1.0,1.0
03070104,99.8197,0.0,100.0,1.0,0.9988,0.9698
03070105,100.0,100.0,100.0,1.0,1.0,1.0
03070106,74.3187,0.0,100.0,0.9468,0.7472,0.6953
03070107,98.5725,0.0,100.0,1.0,0.9865,0.9763
03070201,59.6166,0.0,100.0,1.0,0.5899,0.5622
03070202,45.8222,0.0,100.0,1.0,0.4423,0.4204
03070203,99.1996,0.0,100.0,0.7216,0.9952,0.9821
03070204,99.9222,0.0,100.0,0.994,0.9995,0.9984
03070205,99.0749,0.0,100.0,0.8147,0.9941,0.9823
03080101,89.2932,0.0,100.0,0.9805,0.8938,0.8708
03080102,55.7004,0.0,100.0,1.0,0.5596,0.5296
03080103,93.725,0.0,100.0,0.9233,0.9397,0.9234
03080201,87.1763,0.0,100.0,0.6646,0.876,0.8575
03080202,92.9339,0.0,100.0,0.3916,0.9335,0.9131
03080203,99.474,0.0,100.0,0.7678,0.9963,0.9898
03090101,100.0,100.0,100.0,1.0,1.0,1.0
03090102,100.0,100.0,100.0,0.9823,1.0,1.0
03090103,90.3028,0.0,100.0,1.0,0.9068,0.8764
03090201,42.9775,0.0,100.0,0.3466,0.4326,0.3815
03090202,97.0262,0.0,100.0,0.9463,0.9723,0.9362
03090203,82.7392,0.0,100.0,0.0307,0.8635,0.7595
03090204,65.5853,0.0,100.0,0.8338,0.6597,0.6181
03090205,32.9764,0.0,100.0,0.9681,0.3315,0.3015
03090206,89.5159,0.0,100.0,0.7507,0.8982,0.8641
03100101,99.9793,0.0,100.0,0.9922,0.9998,0.9996
03100102,100.0,100.0,100.0,0.9837,1.0,1.0
03100103,89.6074,0.0,100.0,0.4256,0.902,0.8778
03100201,98.9074,0.0,100.0,0.5283,0.9907,0.9775
03100202,99.6886,0.0,100.0,0.9615,0.9976,0.9927
03100203,90.9371,0.0,100.0,0.9944,0.9144,0.8716
03100204,100.0,100.0,100.0,0.997,1.0,1.0
03100205,100.0,100.0,100.0,1.0,1.0,1.0
03100206,97.0993,0.0,100.0,0.5521,0.9769,0.9523
03100207,90.7093,0.0,100.0,0.6592,0.9093,0.8986
03100208,71.2371,0.0,100.0,0.9992,0.7144,0.6964
03110101,12.2186,0.0,100.0,0.7477,0.1222,0.1058
03110102,78.7005,0.0,100.0,0.8388,0.7873,0.7696
03110103,100.0,99.956,100.0,0.9996,1.0,0.9996
03110201,96.6849,0.0,100.0,1.0,0.969,0.9472
03110202,66.3966,0.0,100.0,1.0,0.677,0.6184
03110203,80.531,0.0,100.0,1.0,0.8077,0.7846
03110204,76.0559,0.0,100.0,1.0,0.7626,0.6991
03110205,55.3224,0.0,100.0,0.9976,0.5605,0.5142
03110206,96.6035,0.0,100.0,1.0,0.9658,0.9532
03120001,97.8784,0.0,100.0,0.8824,0.9827,0.9575
03120002,100.0,100.0,100.0,1.0,1.0,1.0
03120003,99.9504,0.0,100.0,0.9931,0.9997,0.9941
03130001,90.0075,0.0,100.0,1.0,0.9155,0.8266
03130002,99.842,87.358,100.0,1.0,1.0,0.9789
03130003,29.7585,0.0,100.0,1.0,0.3037,0.2593
03130004,77.5447,0.0,100.0,1.0,0.7878,0.7317
03130005,99.9788,0.0,100.0,1.0,0.9998,0.9791
03130006,89.7321,0.0,100.0,1.0,0.9017,0.8643
03130007,65.8009,0.0,100.0,1.0,0.6669,0.5931
03130008,96.7869,0.0,100.0,1.0,0.9761,0.9255
03130009,37.4059,0.0,100.0,1.0,0.3667,0.3593
03130010,95.9406,0.0,100.0,1.0,0.9645,0.9117
03130011,99.2379,0.0,100.0,0.9837,0.9997,0.9653
03130012,100.0,100.0,100.0,1.0,1.0,1.0
03130013,100.0,100.0,100.0,0.9989,1.0,1.0
03130014,94.817,0.0,100.0,0.1029,0.9565,0.9275
03140101,99.2555,0.0,100.0,0.705,0.9946,0.9847
03140102,99.5116,0.0,100.0,0.6978,0.9962,0.9886
03140103,100.0,100.0,100.0,0.9994,1.0,1.0
03140104,100.0,100.0,100.0,0.9991,1.0,1.0
03140105,97.8553,0.0,100.0,0.475,0.9841,0.9633
03140106,99.981,66.667,100.0,0.9987,1.0,0.9991
03140107,98.9017,0.0,100.0,0.4904,0.9906,0.9774
03140201,92.5513,0.0,100.0,1.0,0.9348,0.8787
03140202,77.1988,0.0,100.0,1.0,0.7782,0.7188
03140203,98.2291,0.0,100.0,0.9997,0.9857,0.9596
03140301,62.91,0.0,100.0,1.0,0.638,0.5872
03140302,42.6094,0.0,100.0,1.0,0.4204,0.3753
03140303,27.5098,0.0,100.0,1.0,0.2704,0.2476
03140304,64.6921,0.0,100.0,1.0,0.6391,0.6029
03140305,98.8682,51.815,100.0,0.9989,1.0,0.973
03150101,45.0061,0.0,100.0,1.0,0.4558,0.3456
03150102,72.1389,0.0,100.0,1.0,0.7381,0.6322
03150103,75.4969,0.0,100.0,1.0,0.7828,0.6222
03150104,99.6846,0.0,100.0,1.0,0.9981,0.9606
03150105,90.809,0.0,100.0,1.0,0.9249,0.8406
03150106,91.1719,0.0,100.0,1.0,0.9276,0.8324
03150107,98.4515,0.0,100.0,1.0,0.9898,0.9319
03150108,100.0,100.0,100.0,1.0,1.0,1.0
03150109,100.0,100.0,100.0,1.0,1.0,1.0
03150110,51.488,0.0,100.0,1.0,0.5144,0.4809
03150201,81.3787,0.0,100.0,1.0,0.8114,0.7786
03150202,98.4866,0.0,100.0,1.0,0.9883,0.9337
03150203,33.1961,0.0,100.0,1.0,0.3338,0.2975
03150204,63.2288,0.0,100.0,1.0,0.6358,0.5957
03160101,97.4738,0.0,100.0,1.0,0.982,0.9275
03160102,64.8658,0.0,100.0,1.0,0.647,0.5893
03160103,99.8663,0.0,100.0,1.0,0.9991,0.9831
03160104,93.5744,0.0,100.0,1.0,0.9395,0.8937
03160105,99.9964,92.749,100.0,1.0,1.0,0.9995
03160106,82.7012,0.0,100.0,1.0,0.8287,0.7927
03160107,100.0,100.0,100.0,1.0,1.0,1.0
03160108,93.3447,0.0,100.0,1.0,0.9358,0.9245
03160109,99.9987,95.368,100.0,1.0,1.0,0.9997
03160110,100.0,100.0,100.0,1.0,1.0,1.0
03160111,86.6916,0.0,100.0,1.0,0.8793,0.7654
03160112,99.9297,95.369,100.0,1.0,1.0,0.9825
03160113,97.0924,0.0,100.0,1.0,0.9731,0.9413
03160201,10.6151,0.0,100.0,1.0,0.1085,0.0771
03160202,17.4273,0.0,100.0,1.0,0.1664,0.117
03160203,89.2882,0.0,100.0,1.0,0.8992,0.858
03160204,98.8925,0.0,100.0,0.9645,0.9935,0.96
03160205,96.9902,0.0,100.0,0.5394,0.9757,0.9522
03170001,98.0343,0.0,100.0,1.0,0.985,0.9531
03170002,69.6429,0.0,100.0,1.0,0.6998,0.6338
03170003,99.3503,78.792,100.0,1.0,1.0,0.9652
03170004,100.0,100.0,100.0,1.0,1.0,1.0
03170005,99.765,0.0,100.0,1.0,0.9984,0.9808
03170006,99.6927,66.667,100.0,0.9818,1.0,0.9561
03170007,99.9851,92.624,100.0,1.0,1.0,0.9977
03170008,98.2898,0.0,100.0,1.0,0.9843,0.9603
03170009,99.159,0.0,100.0,0.587,0.9929,0.9808
03180001,100.0,100.0,100.0,1.0,1.0,1.0
03180002,99.6955,0.0,100.0,1.0,0.9976,0.98
03180003,99.9984,99.909,100.0,1.0,1.0,0.98
03180004,99.8811,0.0,100.0,0.9982,0.9991,0.9658
03180005,100.0,100.0,100.0,1.0,1.0,1.0
04010101,21.4749,0.0,100.0,0.8418,0.2159,0.2077
04010102,100.0,100.0,100.0,0.9926,1.0,1.0
04010201,99.6235,0.0,100.0,0.9953,0.9967,0.9866
04010202,99.042,0.0,100.0,1.0,0.9926,0.9712
04010301,100.0,100.0,100.0,0.9936,1.0,1.0
04010302,47.6712,0.0,100.0,0.9995,0.477,0.4501
04020101,0.0325,0.0,100.0,0.9974,0.0003,0.0003
04020102,48.1725,0.0,100.0,1.0,0.4824,0.4452
04020103,57.5299,0.0,100.0,0.9649,0.5809,0.5378
04020104,99.2971,0.0,100.0,0.9996,0.9951,0.9692
04020105,92.567,0.0,100.0,0.9968,0.9306,0.8803
04020201,54.3134,0.0,100.0,0.992,0.5423,0.5397
04020202,0.0,0.0,0.0,1.0,0.0,0.0
04020203,0.0,0.0,0.0,0.9938,0.0,0.0
04030101,100.0,100.0,100.0,0.9966,1.0,1.0
04030102,100.0,100.0,100.0,0.9658,1.0,1.0
04030103,100.0,100.0,100.0,0.9908,1.0,1.0
04030104,100.0,100.0,100.0,0.9993,1.0,1.0
04030105,99.742,0.0,100.0,0.9969,0.9981,0.9505
04030106,97.7661,0.0,100.0,1.0,0.9794,0.962
04030107,97.4857,0.0,100.0,1.0,0.9767,0.9483
04030108,96.8717,0.0,100.0,0.9997,0.973,0.917
04030109,98.4698,0.0,100.0,0.997,0.9883,0.9389
04030110,100.0,100.0,100.0,1.0,1.0,1.0
04030111,100.0,100.0,100.0,0.9917,1.0,1.0
04030112,98.1219,0.0,100.0,0.9822,0.9824,0.9748
04030113,71.0205,0.0,100.0,1.0,0.711,0.6892
04030114,5.5578,0.0,100.0,0.9777,0.0573,0.0487
04030201,98.8545,0.0,100.0,1.0,0.9909,0.948
04030202,98.3518,0.0,100.0,1.0,0.9858,0.954
04030203,99.9973,98.561,100.0,0.6369,1.0,0.9981
04030204,98.0879,0.0,100.0,0.9984,0.9825,0.9662
04040001,100.0,100.0,100.0,0.9869,1.0,1.0
04040002,100.0,100.0,100.0,0.9907,1.0,1.0
04040003,100.0,100.0,100.0,0.9964,1.0,1.0
04050001,99.8691,0.0,100.0,0.9998,0.9989,0.9881
04050002,99.9999,99.865,100.0,0.9849,1.0,0.9994
04050003,100.0,100.0,100.0,0.9997,1.0,1.0
04050004,100.0,100.0,100.0,1.0,1.0,1.0
04050005,100.0,100.0,100.0,1.0,1.0,1.0
04050006,99.7685,0.0,100.0,1.0,0.9983,0.9801
04050007,99.6093,0.0,100.0,1.0,0.9963,0.993
04060101,86.2099,0.0,100.0,0.9907,0.861,0.8497
04060102,100.0,100.0,100.0,0.9967,1.0,1.0
04060103,81.1631,0.0,100.0,1.0,0.8141,0.766
04060104,87.0964,0.0,100.0,0.979,0.8705,0.8639
04060105,100.0,100.0,100.0,0.9667,1.0,1.0
04070003,99.8811,0.0,100.0,0.9882,0.9991,0.9978
04070004,100.0,100.0,100.0,0.9677,1.0,1.0
04070005,100.0,100.0,100.0,0.9698,1.0,1.0
04070006,100.0,100.0,100.0,1.0,1.0,1.0
04070007,98.871,0.0,100.0,1.0,0.9902,0.9574
04080101,89.7732,0.0,100.0,0.9946,0.8991,0.8744
04080102,51.4706,0.0,100.0,0.995,0.5168,0.4545
04080103,69.1717,0.0,100.0,0.9946,0.6938,0.6663
04080104,56.3087,0.0,100.0,0.9973,0.564,0.5357
04080201,93.6451,0.0,100.0,1.0,0.9377,0.9064
04080202,100.0,100.0,100.0,1.0,1.0,1.0
04080203,100.0,100.0,100.0,1.0,1.0,1.0
04080204,100.0,100.0,100.0,1.0,1.0,1.0
04080205,100.0,100.0,100.0,1.0,1.0,1.0
04080206,99.9411,98.267,100.0,0.9972,1.0,0.9654
04090001,100.0,100.0,100.0,0.918,1.0,1.0
04090002,100.0,100.0,100.0,0.0995,1.0,1.0
04090003,99.8239,0.0,100.0,1.0,0.9982,0.9982
04090004,100.0,100.0,100.0,0.7087,1.0,1.0
04090006,,,,0.0,,
04090007,,,,0.0,,
04100001,99.8858,0.0,100.0,0.9878,0.9995,0.9762
04100002,99.274,0.0,100.0,0.9997,0.9946,0.9672
04100003,100.0,100.0,100.0,1.0,1.0,1.0
04100004,83.0211,0.0,100.0,1.0,0.8417,0.7799
04100005,99.5837,93.29,100.0,1.0,1.0,0.9315
04100006,98.8894,0.0,100.0,1.0,0.9913,0.9465
04100007,62.3861,0.0,100.0,1.0,0.6225,0.597
04100008,2.2087,0.0,100.0,1.0,0.0214,0.0214
04100009,27.6554,0.0,100.0,1.0,0.2869,0.2297
04100010,43.6491,0.0,100.0,0.9929,0.4333,0.4134
04100011,79.5596,0.0,100.0,0.998,0.8034,0.7685
04100012,100.0,100.0,100.0,0.9995,1.0,1.0
04100013,99.6566,0.0,100.0,1.0,0.9977,0.9445
04110001,99.2956,0.0,100.0,0.9988,0.9936,0.9856
04110002,98.0974,0.0,100.0,1.0,0.9876,0.9271
04110003,98.0325,0.0,100.0,0.9983,0.9885,0.9273
04110004,99.8832,50.0,100.0,1.0,1.0,0.9873
04120101,68.9459,0.0,100.0,0.9975,0.6976,0.6319
04120102,72.4537,0.0,100.0,1.0,0.7471,0.6193
04120103,99.9831,88.889,100.0,0.9975,1.0,0.9951
04130001,100.0,100.0,100.0,0.9993,1.0,1.0
04130002,86.6651,0.0,100.0,1.0,0.8775,0.7936
04130003,97.9646,0.0,100.0,1.0,0.9905,0.9047
04140101,63.9554,0.0,100.0,0.9835,0.6467,0.5818
04140102,99.9976,93.147,100.0,0.9905,1.0,0.9996
04140201,92.3222,0.0,100.0,1.0,0.928,0.8943
04140202,99.996,89.808,100.0,1.0,1.0,0.9995
04140203,98.1361,0.0,100.0,1.0,0.9928,0.8939
04140301,99.8555,0.0,100.0,0.9998,0.9995,0.9829
04140302,99.9998,99.841,100.0,0.9864,1.0,0.9989
04160001,0.0,0.0,0.0,0.0004,0.0,0.0
04160002,,,,0.0,,
04160003,,,,0.0,,
04160004,,,,0.0,,
04170001,,,,0.0,,
04170002,,,,0.0,,
04170003,,,,0.0,,
04170004,,,,0.0,,
04170005,,,,0.0,,
04170006,,,,0.0,,
04180000,26.3102,0.0,100.0,0.0108,0.2642,0.2558
04190000,89.7005,0.0,100.0,0.0064,0.9026,0.8818
04200001,4.4832,0.0,100.0,0.998,0.0451,0.0405
04200002,0.0,0.0,0.0,0.3312,0.0,0.0
04200003,,,,0.0,,
04200004,,,,0.0,,
04200005,,,,0.0,,
04200006,,,,0.0,,
04200007,,,,0.0,,
04200008,,,,0.0,,
04200009,,,,0.0,,
04210001,,,,0.0,,
04210002,,,,0.0,,
04210003,,,,0.0,,
04210004,,,,0.0,,
04220001,,,,0.0,,
04220002,,,,0.0,,
04220003,,,,0.0,,
04220004,,,,0.0,,
04230001,,,,0.0,,
04230002,,,,0.0,,
04230003,,,,0.0,,
04230004,,,,0.0,,
04230005,,,,0.0,,
04230006,,,,0.0,,
04240001,,,,0.0,,
04240002,30.7245,0.0,100.0,0.0084,0.3067,0.2999
04250001,,,,0.0,,
04250002,,,,0.0,,
04250003,,,,0.0,,
04250004,,,,0.0,,
04250005,,,,0.0,,
04260000,88.7821,0.0,100.0,0.0051,0.8832,0.8625
04270101,98.6824,0.0,100.0,0.5581,0.9893,0.9645
04270102,,,,0.0,,
04270103,,,,0.0,,
04270104,,,,0.0,,
04270105,,,,0.0,,
04270106,,,,0.0,,
04270107,,,,0.0,,
04270201,,,,0.0,,
04270202,,,,0.0,,
04270203,,,,0.0,,
04270204,,,,0.0,,
04270205,,,,0.0,,
04280001,,,,0.0,,
04280002,90.8204,0.0,100.0,0.0025,0.9068,0.8695
04290001,86.334,0.0,100.0,0.1389,0.8648,0.8498
04290002,95.0237,0.0,100.0,1.0,0.9517,0.933
04290003,87.2115,0.0,100.0,1.0,0.8736,0.8587
04290004,81.6722,0.0,100.0,1.0,0.8261,0.7743
04290005,81.6116,0.0,100.0,1.0,0.8182,0.7572
04290006,62.5587,0.0,100.0,0.9996,0.647,0.5169
04290007,34.133,0.0,100.0,0.9779,0.3337,0.2473
04290008,2.1699,0.0,100.0,0.1398,0.0229,0.0106
04300101,90.3404,0.0,100.0,1.0,0.9148,0.8546
04300102,83.202,0.0,100.0,0.9996,0.8426,0.76
04300103,58.9798,0.0,100.0,1.0,0.5951,0.5102
04300104,91.5047,0.0,100.0,0.9993,0.9346,0.822
04300105,67.597,0.0,100.0,0.9995,0.6788,0.6292
04300106,59.2545,0.0,100.0,1.0,0.5945,0.5242
04300107,64.4522,0.0,100.0,0.6906,0.6459,0.5803
04300108,91.9473,0.0,100.0,0.7511,0.9311,0.8571
04300109,100.0,100.0,100.0,0.0079,1.0,1.0
04300201,69.0718,0.0,100.0,0.3427,0.6923,0.6056
04300202,6.2676,0.0,100.0,0.19,0.0579,0.0336
04310001,8.9089,0.0,100.0,0.0084,0.0934,0.0623
04320000,,,,0.0,,
04330000,,,,0.0,,
05010001,88.3415,0.0,100.0,1.0,0.8842,0.855
05010002,91.1888,0.0,100.0,1.0,0.9234,0.8464
05010003,90.7311,0.0,100.0,1.0,0.9188,0.8434
05010004,84.1212,0.0,100.0,1.0,0.8566,0.7797
05010005,99.9962,88.959,100.0,1.0,1.0,0.9822
05010006,99.8835,90.771,100.0,1.0,1.0,0.9861
05010007,100.0,100.0,100.0,1.0,1.0,1.0
05010008,99.9639,88.889,100.0,1.0,1.0,0.9476
05010009,99.8018,87.135,100.0,1.0,1.0,0.9686
05020001,50.925,0.0,100.0,1.0,0.5129,0.4385
05020002,37.2307,0.0,100.0,1.0,0.3735,0.281
05020003,98.4146,42.556,100.0,1.0,0.9817,0.9689
05020004,71.7899,0.0,100.0,1.0,0.7314,0.6511
05020005,99.0992,0.0,100.0,1.0,0.9998,0.9678
05020006,99.676,0.0,100.0,1.0,0.9988,0.9574
05030101,99.6798,0.0,100.0,1.0,0.9989,0.9803
05030102,100.0,100.0,100.0,1.0,1.0,1.0
05030103,100.0,100.0,100.0,1.0,1.0,1.0
05030104,100.0,100.0,100.0,1.0,1.0,1.0
05030105,100.0,100.0,100.0,1.0,1.0,1.0
05030106,99.8715,89.88,100.0,1.0,1.0,0.9869
05030201,42.7345,0.0,100.0,1.0,0.427,0.3901
05030202,99.4044,61.785,100.0,1.0,1.0,0.9678
05030203,56.6402,0.0,100.0,1.0,0.5731,0.5303
05030204,60.2416,0.0,100.0,1.0,0.6102,0.5704
05040001,99.9005,0.0,100.0,1.0,0.9994,0.9785
05040002,99.9998,99.553,100.0,1.0,1.0,0.9996
05040003,99.4056,0.0,100.0,1.0,0.9959,0.9694
05040004,15.3256,0.0,100.0,1.0,0.1605,0.109
05040005,51.9618,0.0,100.0,1.0,0.5271,0.4825
05040006,26.6118,0.0,100.0,1.0,0.264,0.2247
05050001,99.5641,0.0,100.0,1.0,0.9971,0.9619
05050002,99.8516,0.0,100.0,1.0,0.9991,0.9802
05050003,91.2146,0.0,100.0,1.0,0.9224,0.8592
05050004,83.6293,0.0,100.0,1.0,0.8464,0.7536
05050005,83.7889,0.0,100.0,1.0,0.8592,0.7311
05050006,92.2179,0.0,100.0,1.0,0.9394,0.8416
05050007,98.7847,0.0,100.0,1.0,0.9932,0.9346
05050008,91.2425,0.0,100.0,1.0,0.9161,0.862
05050009,92.144,0.0,100.0,1.0,0.9382,0.8327
05060001,81.4224,0.0,100.0,1.0,0.8204,0.7612
05060002,99.7773,80.663,100.0,1.0,1.0,0.978
05060003,100.0,100.0,100.0,1.0,1.0,1.0
05070101,88.9656,0.0,100.0,1.0,0.907,0.7894
05070102,99.5151,0.0,100.0,1.0,0.999,0.9573
05070201,100.0,100.0,100.0,1.0,1.0,1.0
05070202,100.0,100.0,100.0,1.0,1.0,1.0
05070203,99.6036,0.0,100.0,1.0,0.9983,0.9475
05070204,99.9973,99.896,100.0,1.0,1.0,0.9725
05080001,98.7582,0.0,100.0,1.0,0.989,0.9614
05080002,99.9712,88.27,100.0,1.0,1.0,0.9771
05080003,100.0,100.0,100.0,1.0,1.0,1.0
05090101,97.7363,0.0,100.0,1.0,0.9813,0.936
05090102,100.0,100.0,100.0,1.0,1.0,1.0
05090103,99.7092,86.3,100.0,1.0,1.0,0.9785
05090104,100.0,100.0,100.0,1.0,1.0,1.0
05090201,99.6536,87.025,100.0,1.0,1.0,0.9728
05090202,99.7138,0.0,100.0,1.0,0.9981,0.9779
05090203,99.6345,0.0,100.0,1.0,0.9997,0.9694
05100101,99.9628,0.0,100.0,1.0,0.9999,0.9761
05100102,94.8989,0.0,100.0,1.0,0.95,0.9158
05100201,96.1448,0.0,100.0,1.0,0.9759,0.8698
05100202,93.6607,0.0,100.0,1.0,0.952,0.8234
05100203,100.0,100.0,100.0,1.0,1.0,1.0
05100204,99.9551,96.442,100.0,1.0,1.0,0.9803
05100205,98.9015,0.0,100.0,1.0,0.9918,0.9371
05110001,99.3286,0.0,100.0,1.0,0.995,0.9614
05110002,96.2505,0.0,100.0,0.9998,0.9696,0.9081
05110003,92.1937,0.0,100.0,1.0,0.9392,0.8226
05110004,99.9983,97.325,100.0,1.0,1.0,0.9993
05110005,96.0091,0.0,100.0,1.0,0.9713,0.893
05110006,89.2788,0.0,100.0,1.0,0.912,0.7959
05120101,89.8067,0.0,100.0,1.0,0.9058,0.8541
05120102,95.0708,0.0,100.0,1.0,0.9564,0.8922
05120103,96.0419,0.0,100.0,1.0,0.9683,0.8971
05120104,100.0,100.0,100.0,1.0,1.0,1.0
05120105,99.863,93.253,100.0,1.0,1.0,0.9713
05120106,99.978,60.0,100.0,1.0,1.0,0.9682
05120107,100.0,100.0,100.0,1.0,1.0,1.0
05120108,99.9471,92.935,100.0,1.0,1.0,0.9806
05120109,93.038,0.0,100.0,1.0,0.9355,0.8966
05120110,100.0,100.0,100.0,1.0,1.0,1.0
05120111,97.9293,0.0,100.0,1.0,0.9853,0.9168
05120112,94.8651,0.0,100.0,1.0,0.9545,0.9001
05120113,99.2861,0.0,100.0,1.0,0.9949,0.9579
05120114,99.1338,0.0,100.0,1.0,0.9935,0.9537
05120115,93.0564,0.0,100.0,1.0,0.9482,0.846
05120201,99.6293,0.0,100.0,1.0,0.9968,0.9848
05120202,99.9023,0.0,100.0,1.0,0.9993,0.9628
05120203,99.8175,0.0,100.0,1.0,0.9988,0.9658
05120204,100.0,100.0,100.0,1.0,1.0,1.0
05120205,100.0,100.0,100.0,1.0,1.0,1.0
05120206,99.9998,99.645,100.0,1.0,1.0,0.9995
05120207,99.5813,0.0,100.0,1.0,0.9971,0.9569
05120208,99.6985,0.0,100.0,1.0,0.9978,0.9604
05120209,100.0,100.0,100.0,1.0,1.0,1.0
05130101,66.4422,0.0,100.0,1.0,0.6756,0.5816
05130102,100.0,100.0,100.0,1.0,1.0,1.0
05130103,53.5431,0.0,100.0,0.9998,0.5474,0.4757
05130104,35.7188,0.0,100.0,1.0,0.3577,0.2702
05130105,88.1898,0.0,100.0,1.0,0.8958,0.8069
05130106,93.8985,0.0,100.0,1.0,0.9569,0.8852
05130107,99.9509,0.0,100.0,1.0,0.9995,0.9995
05130108,93.8883,0.0,100.0,0.9998,0.953,0.8531
05130201,90.8598,0.0,100.0,1.0,0.92,0.836
05130202,96.3874,0.0,100.0,1.0,0.9815,0.8812
05130203,99.4056,0.0,100.0,0.9996,0.9963,0.9455
05130204,99.7229,0.0,100.0,1.0,0.9987,0.9591
05130205,99.3921,78.832,100.0,0.9998,1.0,0.9683
05130206,86.689,0.0,100.0,1.0,0.8757,0.8009
05140101,96.3564,0.0,100.0,1.0,0.9733,0.897
05140102,99.3187,0.0,100.0,1.0,0.9949,0.9487
05140103,100.0,100.0,100.0,1.0,1.0,1.0
05140104,99.7504,0.0,100.0,1.0,0.9998,0.9788
05140201,98.7331,0.0,100.0,1.0,0.9919,0.9523
05140202,99.2852,0.0,100.0,1.0,0.9971,0.935
05140203,95.9652,0.0,100.0,1.0,0.965,0.8981
05140204,84.9913,0.0,100.0,1.0,0.856,0.7969
05140205,100.0,100.0,100.0,1.0,1.0,1.0
05140206,91.7205,0.0,100.0,1.0,0.9334,0.8278
06010101,88.0924,0.0,100.0,1.0,0.9047,0.7994
06010102,86.3244,0.0,100.0,1.0,0.8767,0.8052
06010103,95.8723,0.0,100.0,1.0,0.9733,0.8646
06010104,67.5925,0.0,100.0,0.9996,0.6904,0.5954
06010105,62.1653,0.0,100.0,1.0,0.6348,0.5251
06010106,74.3927,0.0,100.0,1.0,0.77,0.625
06010107,76.3644,0.0,100.0,1.0,0.7908,0.6459
06010108,68.9118,0.0,100.0,1.0,0.7002,0.5945
06010201,42.8073,0.0,100.0,0.9997,0.4302,0.346
06010202,15.9002,0.0,100.0,1.0,0.1553,0.1119
06010203,44.7501,0.0,100.0,1.0,0.462,0.3426
06010204,49.1548,0.0,100.0,1.0,0.5043,0.3816
06010205,87.5324,0.0,100.0,0.9998,0.8827,0.8059
06010206,90.1133,0.0,100.0,1.0,0.9227,0.7832
06010207,17.7498,0.0,100.0,1.0,0.1852,0.1121
06010208,75.1764,0.0,100.0,1.0,0.7632,0.6808
06020001,58.0762,0.0,100.0,1.0,0.5844,0.5009
06020002,38.3199,0.0,100.0,1.0,0.3869,0.2899
06020003,34.9065,0.0,100.0,1.0,0.3438,0.2773
06020004,76.7778,0.0,100.0,1.0,0.7905,0.6456
06030001,93.3252,0.0,100.0,0.9998,0.945,0.8887
06030002,97.8471,0.0,100.0,0.9999,0.9811,0.9595
06030003,100.0,100.0,100.0,1.0,1.0,1.0
06030004,97.0781,0.0,100.0,1.0,0.9712,0.9521
06030005,65.6988,0.0,100.0,1.0,0.6635,0.5923
06030006,91.5619,0.0,100.0,1.0,0.9211,0.8742
06040001,31.4449,0.0,100.0,1.0,0.329,0.2404
06040002,99.9831,50.0,100.0,1.0,1.0,0.9901
06040003,94.1265,0.0,100.0,1.0,0.9518,0.8527
06040004,76.3673,0.0,100.0,1.0,0.7784,0.6881
06040005,86.8466,0.0,100.0,1.0,0.8809,0.8135
06040006,99.7352,81.251,100.0,1.0,1.0,0.9858
07010101,16.954,0.0,100.0,1.0,0.1696,0.166
07010102,2.5167,0.0,100.0,1.0,0.0249,0.016
07010103,99.0126,0.0,100.0,1.0,0.986,0.9755
07010104,40.0437,0.0,100.0,1.0,0.3975,0.3652
07010105,22.4393,0.0,100.0,1.0,0.227,0.1989
07010106,0.1793,0.0,100.0,1.0,0.0018,0.0015
07010107,0.0,0.0,0.0,1.0,0.0,0.0
07010108,0.0,0.0,0.0,1.0,0.0,0.0
07010201,72.1531,0.0,100.0,1.0,0.715,0.6783
07010202,54.1701,0.0,100.0,1.0,0.5445,0.5003
07010203,98.5329,33.695,100.0,1.0,0.9772,0.9769
07010204,94.8914,0.0,100.0,1.0,0.9515,0.8985
07010205,100.0,100.0,100.0,1.0,1.0,1.0
07010206,97.8409,0.0,100.0,1.0,0.9919,0.9408
07010207,94.9939,0.0,100.0,0.8756,0.9526,0.9098
07020001,41.9027,0.0,100.0,1.0,0.423,0.3844
07020002,0.0,0.0,0.0,1.0,0.0,0.0
07020003,37.9738,0.0,100.0,1.0,0.3814,0.3393
07020004,39.0414,0.0,100.0,1.0,0.39,0.3557
07020005,6.6571,0.0,100.0,1.0,0.066,0.0457
07020006,52.7316,0.0,100.0,1.0,0.534,0.4895
07020007,91.2594,0.0,100.0,1.0,0.9045,0.8763
07020008,59.725,0.0,100.0,1.0,0.613,0.5389
07020009,14.0892,0.0,100.0,1.0,0.1395,0.1157
07020010,42.5626,0.0,100.0,1.0,0.4133,0.3739
07020011,94.2293,0.0,100.0,1.0,0.947,0.912
07020012,98.7173,0.0,100.0,1.0,0.9795,0.9786
07030001,91.8503,0.0,100.0,1.0,0.9261,0.8686
07030002,99.8678,0.0,100.0,1.0,0.9993,0.9722
07030003,99.996,93.595,100.0,1.0,1.0,0.9994
07030004,92.4916,0.0,100.0,1.0,0.9343,0.8634
07030005,98.7726,0.0,100.0,1.0,0.9911,0.951
07040001,99.0857,50.429,100.0,1.0,1.0,0.9774
07040002,100.0,100.0,100.0,1.0,1.0,1.0
07040003,99.2923,55.823,100.0,1.0,1.0,0.9834
07040004,100.0,100.0,100.0,1.0,1.0,1.0
07040005,99.9803,58.316,100.0,1.0,1.0,0.9995
07040006,98.9258,0.0,100.0,1.0,0.9955,0.9736
07040007,83.087,0.0,100.0,1.0,0.8342,0.8104
07040008,100.0,100.0,100.0,1.0,1.0,1.0
07050001,34.4003,0.0,100.0,1.0,0.3467,0.3182
07050002,0.0106,0.0,37.353,1.0,0.0,0.0
07050003,0.0,0.0,0.0,1.0,0.0,0.0
07050004,0.0,0.0,0.0,1.0,0.0,0.0
07050005,50.3478,0.0,100.0,1.0,0.4986,0.4922
07050006,80.9732,0.0,100.0,1.0,0.8116,0.7621
07050007,36.8559,0.0,100.0,1.0,0.3658,0.3248
07060001,99.2722,59.68,100.0,1.0,1.0,0.9812
07060002,99.9866,61.416,100.0,1.0,1.0,0.9997
07060003,97.8916,0.0,100.0,1.0,0.9897,0.9417
07060004,89.7814,0.0,100.0,1.0,0.8993,0.8763
07060005,99.2981,64.728,100.0,1.0,1.0,0.9793
07060006,90.8302,0.0,100.0,1.0,0.9141,0.8835
07070001,15.65,0.0,100.0,1.0,0.1525,0.1342
07070002,58.6007,0.0,100.0,1.0,0.5855,0.5544
07070003,94.6985,0.0,100.0,1.0,0.9482,0.9173
07070004,100.0,100.0,100.0,1.0,1.0,1.0
07070005,99.0072,0.0,100.0,1.0,0.9987,0.9685
07070006,100.0,100.0,100.0,1.0,1.0,1.0
07080101,97.5067,0.0,100.0,1.0,0.9924,0.9313
07080102,38.2419,0.0,100.0,1.0,0.3798,0.3395
07080103,97.8309,0.0,100.0,1.0,0.9786,0.9494
07080104,92.2196,0.0,100.0,1.0,0.9272,0.9056
07080105,96.5633,0.0,100.0,1.0,0.9662,0.9588
07080106,92.834,0.0,100.0,1.0,0.9287,0.9082
07080107,78.7512,0.0,100.0,1.0,0.7889,0.7408
07080201,36.1962,0.0,100.0,1.0,0.3618,0.3077
07080202,15.689,0.0,100.0,1.0,0.1551,0.1221
07080203,6.2046,0.0,100.0,1.0,0.0588,0.0513
07080204,50.8481,0.0,100.0,1.0,0.5138,0.4523
07080205,67.8978,0.0,100.0,1.0,0.674,0.6514
07080206,98.1522,39.701,100.0,1.0,0.9676,0.966
07080207,80.5276,0.0,100.0,1.0,0.8099,0.7801
07080208,98.6888,0.0,100.0,1.0,0.9923,0.9473
07080209,99.2001,0.0,100.0,1.0,0.9968,0.9564
07090001,100.0,100.0,100.0,1.0,1.0,1.0
07090002,99.6245,0.0,100.0,1.0,0.9969,0.9709
07090003,93.8339,0.0,100.0,1.0,0.9419,0.9096
07090004,100.0,100.0,100.0,1.0,1.0,1.0
07090005,99.9513,98.018,100.0,1.0,1.0,0.9672
07090006,100.0,100.0,100.0,1.0,1.0,1.0
07090007,99.9996,98.819,100.0,1.0,1.0,0.9997
07100001,99.1564,0.0,100.0,1.0,0.9925,0.9798
07100002,13.489,0.0,100.0,1.0,0.1457,0.1
07100003,5.5638,0.0,100.0,1.0,0.0546,0.0535
07100004,90.2396,0.0,100.0,1.0,0.9098,0.8632
07100005,66.6339,0.0,100.0,1.0,0.6696,0.6386
07100006,80.4232,0.0,100.0,1.0,0.808,0.7761
07100007,100.0,100.0,100.0,1.0,1.0,1.0
07100008,99.7382,68.623,100.0,1.0,1.0,0.9906
07100009,54.6088,0.0,100.0,1.0,0.5504,0.5117
07110001,0.7412,0.0,71.37,1.0,0.0106,0.0
07110002,0.0,0.0,0.0,1.0,0.0,0.0
07110003,0.0,0.0,0.0,1.0,0.0,0.0
07110004,68.5093,0.0,100.0,1.0,0.7026,0.6167
07110005,0.9968,0.0,100.0,1.0,0.0099,0.0099
07110006,38.2815,0.0,100.0,1.0,0.3832,0.3704
07110007,92.977,0.0,100.0,1.0,0.9187,0.9028
07110008,99.2726,0.0,100.0,1.0,0.9941,0.9709
07110009,85.6518,0.0,100.0,1.0,0.8861,0.7461
07120001,100.0,99.833,100.0,1.0,1.0,0.9999
07120002,100.0,100.0,100.0,1.0,1.0,1.0
07120003,100.0,100.0,100.0,1.0,1.0,1.0
07120004,99.2322,0.0,100.0,1.0,0.9934,0.978
07120005,99.9969,99.833,100.0,1.0,1.0,0.98
07120006,100.0,100.0,100.0,1.0,1.0,1.0
07120007,99.9999,99.853,100.0,1.0,1.0,0.9994
07130001,99.9981,99.889,100.0,1.0,1.0,0.9796
07130002,100.0,100.0,100.0,1.0,1.0,1.0
07130003,97.5033,0.0,100.0,1.0,0.9797,0.9119
07130004,100.0,100.0,100.0,1.0,1.0,1.0
07130005,100.0,100.0,100.0,1.0,1.0,1.0
07130006,99.8334,0.0,100.0,1.0,0.999,0.9824
07130007,96.1447,0.0,100.0,1.0,0.9681,0.9031
07130008,91.8825,0.0,100.0,1.0,0.9391,0.802
07130009,97.8015,0.0,100.0,1.0,0.9803,0.9494
07130010,72.8755,0.0,100.0,1.0,0.7409,0.6678
07130011,91.8432,0.0,100.0,1.0,0.9237,0.8689
07130012,99.4362,0.0,100.0,1.0,0.9947,0.9768
07140101,97.1727,0.0,100.0,1.0,0.9837,0.9384
07140102,91.5474,0.0,100.0,1.0,0.9192,0.868
07140103,100.0,100.0,100.0,1.0,1.0,1.0
07140104,100.0,100.0,100.0,1.0,1.0,1.0
07140105,92.5784,0.0,100.0,1.0,0.9449,0.86
07140106,97.0072,0.0,100.0,1.0,0.9753,0.9089
07140107,83.1779,0.0,100.0,1.0,0.846,0.7577
07140108,90.3455,0.0,100.0,1.0,0.9139,0.8235
07140201,98.5857,0.0,100.0,1.0,0.9868,0.9748
07140202,98.1433,0.0,100.0,1.0,0.9845,0.9262
07140203,99.7062,0.0,100.0,1.0,0.9984,0.9679
07140204,98.3592,0.0,100.0,1.0,0.9872,0.9364
08010100,84.0232,0.0,100.0,1.0,0.8824,0.723
08010201,99.3939,0.0,100.0,1.0,0.9953,0.9804
08010202,97.2144,0.0,100.0,1.0,0.976,0.9329
08010203,93.5576,0.0,100.0,1.0,0.9493,0.8557
08010204,80.8687,0.0,100.0,1.0,0.8307,0.7167
08010205,83.8642,0.0,100.0,1.0,0.858,0.741
08010206,78.8745,0.0,100.0,1.0,0.803,0.7179
08010207,98.4162,0.0,100.0,1.0,0.9881,0.9581
08010208,75.6287,0.0,100.0,1.0,0.7765,0.6534
08010209,97.0222,0.0,100.0,1.0,0.9769,0.9002
08010210,99.1416,0.0,100.0,1.0,0.9952,0.9756
08010211,97.805,0.0,100.0,1.0,0.9861,0.9095
08010300,92.9542,0.0,100.0,1.0,0.9347,0.8872
08020100,47.3319,0.0,100.0,1.0,0.5154,0.3708
08020202,48.2519,0.0,100.0,1.0,0.485,0.4453
08020203,93.7956,0.0,100.0,1.0,0.9383,0.8841
08020204,89.2598,0.0,100.0,1.0,0.908,0.7906
08020205,99.9913,94.458,100.0,1.0,1.0,0.9984
08020301,99.0879,52.05,100.0,1.0,1.0,0.98
08020302,90.4079,0.0,100.0,1.0,0.915,0.8634
08020303,65.7636,0.0,100.0,1.0,0.673,0.5915
08020304,83.3577,0.0,100.0,1.0,0.8424,0.7825
08020401,79.128,0.0,100.0,1.0,0.8115,0.6797
08020402,98.4284,0.0,100.0,1.0,0.989,0.8965
08030100,32.7136,0.0,100.0,1.0,0.3694,0.2366
08030201,95.71,0.0,100.0,1.0,0.9625,0.9091
08030202,26.6883,0.0,100.0,1.0,0.2695,0.2258
08030203,65.5711,0.0,100.0,1.0,0.6786,0.5627
08030204,98.2114,0.0,100.0,1.0,0.9861,0.9296
08030205,44.3222,0.0,100.0,1.0,0.4512,0.3952
08030206,77.6406,0.0,100.0,1.0,0.7748,0.7348
08030207,24.4029,0.0,100.0,1.0,0.2492,0.2249
08030208,96.4088,58.07,100.0,1.0,1.0,0.9137
08030209,45.6098,0.0,100.0,1.0,0.4469,0.4293
08040101,86.1603,0.0,100.0,1.0,0.8688,0.8075
08040102,81.9932,0.0,100.0,1.0,0.8306,0.7455
08040103,20.8054,0.0,100.0,1.0,0.2093,0.1603
08040201,25.1906,0.0,100.0,1.0,0.2559,0.2123
08040202,1.3369,0.0,72.843,1.0,0.0137,0.0
08040203,97.2957,0.0,100.0,1.0,0.9803,0.8882
08040204,30.7796,0.0,100.0,1.0,0.3146,0.258
08040205,26.9747,0.0,100.0,1.0,0.2698,0.2357
08040206,73.7797,0.0,100.0,1.0,0.7443,0.6881
08040207,2.1211,0.0,72.346,1.0,0.0005,0.0
08040301,2.9123,0.0,70.542,1.0,0.0414,0.0
08040302,13.4631,0.0,100.0,1.0,0.1259,0.1096
08040303,81.7751,0.0,100.0,1.0,0.8211,0.7835
08040304,1.0299,0.0,45.596,1.0,0.0,0.0
08040305,9.2999,0.0,69.886,1.0,0.028,0.0
08040306,0.8373,0.0,61.07,1.0,0.0081,0.0
08050001,5.9503,0.0,100.0,1.0,0.056,0.0513
08050002,4.3311,0.0,100.0,1.0,0.0315,0.0222
08050003,30.789,0.0,100.0,1.0,0.302,0.2699
08060100,42.7209,0.0,100.0,1.0,0.4568,0.357
08060201,88.7409,0.0,100.0,1.0,0.8913,0.842
08060202,99.7599,67.856,100.0,1.0,1.0,0.9699
08060203,100.0,100.0,100.0,1.0,1.0,1.0
08060204,34.1265,0.0,100.0,1.0,0.3284,0.2853
08060205,43.4942,0.0,100.0,1.0,0.4367,0.3996
08060206,0.1967,0.0,67.83,1.0,0.0022,0.0
08070100,35.2213,0.0,100.0,1.0,0.4596,0.1276
08070201,1.4574,0.0,100.0,1.0,0.0183,0.0065
08070202,68.659,0.0,100.0,1.0,0.696,0.6177
08070203,100.0,100.0,100.0,1.0,1.0,1.0
08070204,98.8682,0.0,100.0,0.9965,0.9977,0.9645
08070205,100.0,100.0,100.0,0.9995,1.0,1.0
08070300,3.2738,0.0,100.0,1.0,0.04,0.0171
08080101,1.2519,0.0,60.86,0.8671,0.0199,0.0
08080102,42.8213,0.0,100.0,0.9972,0.433,0.3842
08080103,71.5366,0.0,100.0,0.6335,0.7186,0.6782
08080201,100.0,100.0,100.0,1.0,1.0,1.0
08080202,99.6258,0.0,100.0,0.9136,0.9977,0.9713
08080203,92.3065,0.0,100.0,1.0,0.9219,0.8926
08080204,100.0,100.0,100.0,1.0,1.0,1.0
08080205,99.9965,96.353,100.0,1.0,1.0,0.9989
08080206,98.9641,0.0,100.0,0.861,0.9921,0.9456
08090100,36.9813,0.0,100.0,0.3448,0.4028,0.25
08090201,95.9196,0.0,100.0,0.9858,0.9628,0.9341
08090202,86.2795,0.0,100.0,0.029,0.8889,0.6667
08090203,98.3006,0.0,100.0,0.316,0.9925,0.9545
08090301,96.9355,0.0,100.0,0.7417,0.9728,0.9566
08090302,44.4336,0.0,100.0,0.712,0.4522,0.4151
09010002,0.0,0.0,0.0,0.9997,0.0,0.0
09010003,19.3241,0.0,100.0,0.4715,0.1949,0.1756
09010004,0.0,0.0,0.0,0.9828,0.0,0.0
09010005,0.0,0.0,0.0,0.9961,0.0,0.0
09010006,0.0,0.0,0.0,0.9928,0.0,0.0
09010007,0.0,0.0,0.0,0.8378,0.0,0.0
09010008,4.175,0.0,100.0,0.9406,0.0429,0.0314
09010009,0.0,0.0,0.0,0.7221,0.0,0.0
09020101,14.1313,0.0,100.0,1.0,0.1382,0.122
09020102,0.0,0.0,0.0,1.0,0.0,0.0
09020103,26.4106,0.0,100.0,1.0,0.2635,0.2323
09020104,60.5598,0.0,100.0,1.0,0.5955,0.5633
09020105,69.3736,0.0,100.0,1.0,0.6978,0.663
09020106,93.8395,0.0,100.0,1.0,0.9423,0.8999
09020107,99.499,60.932,100.0,1.0,1.0,0.9752
09020108,94.3455,0.0,100.0,1.0,0.9474,0.9244
09020109,99.7331,0.0,100.0,1.0,0.9982,0.9844
09020201,42.1805,0.0,100.0,0.9998,0.4223,0.4124
09020202,40.7699,0.0,100.0,1.0,0.4123,0.3872
09020203,88.1,0.0,100.0,1.0,0.8947,0.8185
09020204,96.4341,0.0,100.0,1.0,0.9748,0.9145
09020205,99.996,80.946,100.0,1.0,1.0,0.9998
09020301,99.6104,70.316,100.0,1.0,1.0,0.9863
09020302,0.0,0.0,0.0,0.7735,0.0,0.0
09020303,72.4922,0.0,100.0,1.0,0.7268,0.7086
09020304,15.8413,0.0,100.0,1.0,0.1579,0.1506
09020305,69.7542,0.0,100.0,0.9995,0.7026,0.6648
09020306,99.2406,70.417,100.0,1.0,1.0,0.9719
09020307,100.0,100.0,100.0,0.9995,1.0,1.0
09020308,99.9726,72.994,100.0,1.0,1.0,0.999
09020309,93.645,0.0,100.0,1.0,0.943,0.8981
09020310,90.5605,0.0,100.0,1.0,0.9196,0.8196
09020311,52.6429,0.0,100.0,0.5135,0.5375,0.4611
09020312,0.0229,0.0,15.385,1.0,0.0,0.0
09020314,0.0,0.0,0.0,0.7401,0.0,0.0
09020315,0.0,0.0,0.0,0.9031,0.0,0.0
09020316,1.6322,0.0,100.0,0.9965,0.0147,0.0111
09020317,0.0,0.0,0.0,0.0024,0.0,0.0
09020318,0.0,0.0,0.0,0.0015,0.0,0.0
09020319,,,,0.0,,
09030001,46.1623,0.0,100.0,0.4698,0.4597,0.4333
09030002,60.2643,0.0,100.0,1.0,0.6035,0.577
09030003,0.9969,0.0,27.068,0.0954,0.0,0.0
09030005,53.754,0.0,100.0,1.0,0.5426,0.5204
09030006,7.2304,0.0,100.0,0.9998,0.0689,0.0579
09030007,0.0,0.0,0.0,1.0,0.0,0.0
09030008,0.3146,0.0,52.714,0.5375,0.0004,0.0
09030009,0.0,0.0,0.0,0.1308,0.0,0.0
09030010,,,,0.0,,
09030011,,,,0.0,,
09040001,1.9529,0.0,100.0,0.339,0.0171,0.0108
09040002,0.0,0.0,0.0,0.0988,0.0,0.0
09040003,0.0,0.0,0.0,0.0035,0.0,0.0
09040004,,,,0.0,,
10020001,36.8933,0.0,100.0,0.9999,0.3734,0.2774
10020002,5.8031,0.0,100.0,1.0,0.0536,0.0414
10020003,3.7147,0.0,100.0,1.0,0.033,0.0189
10020004,6.3073,0.0,100.0,1.0,0.0631,0.0465
10020005,0.2573,0.0,20.552,1.0,0.0,0.0
10020006,4.0516,0.0,100.0,1.0,0.0384,0.0253
10020007,2.4579,0.0,100.0,0.9997,0.0222,0.0149
10020008,15.2856,0.0,100.0,1.0,0.149,0.1045
10030101,41.5805,0.0,100.0,1.0,0.4235,0.3374
10030102,98.3094,0.0,100.0,1.0,0.9787,0.9639
10030103,84.9207,0.0,100.0,1.0,0.8562,0.7911
10030104,97.9779,0.0,100.0,1.0,0.9864,0.9075
10030105,100.0,100.0,100.0,1.0,1.0,1.0
10030201,67.2824,0.0,100.0,1.0,0.681,0.5639
10030202,2.9022,0.0,100.0,1.0,0.0277,0.0182
10030203,74.6817,0.0,100.0,0.9999,0.7458,0.7181
10030204,33.6042,0.0,100.0,1.0,0.3306,0.3038
10030205,99.8598,0.0,100.0,1.0,0.9983,0.9639
10040101,29.5531,0.0,100.0,1.0,0.2842,0.2396
10040102,86.6538,0.0,100.0,1.0,0.8752,0.8203
10040103,64.9302,0.0,100.0,1.0,0.6608,0.5617
10040104,69.5149,0.0,100.0,1.0,0.6881,0.6645
10040105,99.9502,67.458,100.0,1.0,1.0,0.9969
10040106,70.8723,0.0,100.0,1.0,0.7139,0.6492
10040201,68.5761,0.0,100.0,1.0,0.6942,0.6219
10040202,80.7582,0.0,100.0,0.9998,0.8173,0.7353
10040203,63.0832,0.0,100.0,1.0,0.6376,0.5252
10040204,19.8962,0.0,100.0,1.0,0.1923,0.1343
10040205,26.6984,0.0,100.0,1.0,0.2625,0.2356
10050001,0.1378,0.0,100.0,0.9945,0.0007,0.0003
10050002,0.452,0.0,100.0,0.9733,0.0036,0.0021
10050003,0.0,0.0,0.0,0.9844,0.0,0.0
10050004,36.361,0.0,100.0,1.0,0.3619,0.3519
10050005,23.7533,0.0,100.0,1.0,0.2372,0.1779
10050006,0.1381,0.0,100.0,1.0,0.0009,0.0009
10050007,0.0007,0.0,2.4541,0.9963,0.0,0.0
10050008,0.0,0.0,0.0,0.9928,0.0,0.0
10050009,36.345,0.0,100.0,1.0,0.3628,0.3223
10050010,51.7306,0.0,100.0,1.0,0.5156,0.4824
10050011,39.0689,0.0,100.0,0.9981,0.3867,0.3756
10050012,96.9356,0.0,100.0,1.0,0.9694,0.9314
10050013,65.72,0.0,100.0,0.4584,0.6549,0.6291
10050014,99.9229,0.0,100.0,1.0,0.9996,0.9872
10050015,98.9162,0.0,100.0,0.9874,0.9932,0.9626
10050016,87.785,0.0,100.0,1.0,0.8909,0.8027
10060001,97.8917,0.0,100.0,1.0,0.9747,0.9473
10060002,91.708,0.0,100.0,1.0,0.9229,0.8637
10060003,92.955,0.0,100.0,0.9974,0.9325,0.8992
10060004,99.4347,0.0,100.0,0.9982,0.9969,0.9463
10060005,19.8809,0.0,100.0,1.0,0.2023,0.1627
10060006,19.9325,0.0,100.0,1.0,0.2003,0.1815
10060007,0.0,0.0,0.0,1.0,0.0,0.0
10070001,7.9928,0.0,100.0,0.9503,0.0807,0.0612
10070002,21.0518,0.0,100.0,1.0,0.2134,0.1574
10070003,3.3351,0.0,100.0,1.0,0.0299,0.0214
10070004,79.0689,0.0,100.0,0.9996,0.7929,0.7373
10070005,34.8501,0.0,100.0,1.0,0.3446,0.2647
10070006,53.0508,0.0,100.0,1.0,0.5388,0.4551
10070007,98.8006,0.0,100.0,1.0,0.9811,0.9702
10070008,99.4711,0.0,100.0,1.0,0.9972,0.9407
10080001,57.8492,0.0,100.0,1.0,0.5981,0.4636
10080002,90.8195,0.0,100.0,1.0,0.9363,0.8026
10080003,91.3717,0.0,100.0,1.0,0.9406,0.8009
10080004,85.1506,0.0,100.0,1.0,0.8613,0.7906
10080005,92.5543,0.0,100.0,1.0,0.9383,0.8561
10080006,79.2995,0.0,100.0,1.0,0.8155,0.6805
10080007,44.826,0.0,100.0,1.0,0.4565,0.3784
10080008,46.8936,0.0,100.0,1.0,0.4788,0.3796
10080009,41.5825,0.0,100.0,1.0,0.4166,0.3152
10080010,44.2358,0.0,100.0,1.0,0.4652,0.3328
10080011,33.351,0.0,100.0,1.0,0.3355,0.2462
10080012,39.7447,0.0,100.0,1.0,0.4122,0.3163
10080013,68.8627,0.0,100.0,1.0,0.7218,0.5313
10080014,46.3559,0.0,100.0,1.0,0.4745,0.4023
10080015,92.8672,0.0,100.0,1.0,0.9434,0.8866
10080016,80.2791,0.0,100.0,1.0,0.8078,0.7446
10090101,18.9414,0.0,100.0,1.0,0.1853,0.1431
10090102,0.165,0.0,19.647,1.0,0.0,0.0
10090201,54.9052,0.0,100.0,1.0,0.5664,0.4592
10090202,0.6735,0.0,54.763,1.0,0.0032,0.0
10090203,57.868,0.0,100.0,1.0,0.593,0.5092
10090204,0.0,0.0,0.0,1.0,0.0,0.0
10090205,12.6408,0.0,100.0,1.0,0.1304,0.0861
10090206,17.4498,0.0,100.0,1.0,0.1711,0.1265
10090207,0.4749,0.0,18.938,1.0,0.0,0.0
10090208,0.0027,0.0,16.61,1.0,0.0,0.0
10090209,0.3235,0.0,46.286,1.0,0.0,0.0
10090210,0.0,0.0,0.0,1.0,0.0,0.0
10100001,25.8076,0.0,100.0,1.0,0.2632,0.2283
10100002,11.3635,0.0,100.0,1.0,0.107,0.077
10100003,28.9294,0.0,100.0,1.0,0.2909,0.2353
10100004,6.9326,0.0,100.0,1.0,0.0626,0.0504
10100005,0.0079,0.0,38.256,1.0,0.0,0.0
10110101,22.2849,0.0,100.0,1.0,0.2173,0.2055
10110102,0.0,0.0,0.0,1.0,0.0,0.0
10110201,0.0,0.0,0.0,1.0,0.0,0.0
10110202,0.0,0.0,0.0,1.0,0.0,0.0
10110203,0.0,0.0,0.0,1.0,0.0,0.0
10110204,0.0,0.0,0.0,1.0,0.0,0.0
10110205,4.3107,0.0,100.0,1.0,0.0449,0.0363
10120101,0.0,0.0,0.0,1.0,0.0,0.0
10120102,0.0,0.0,0.0,1.0,0.0,0.0
10120103,0.7262,0.0,100.0,1.0,0.0075,0.006
10120104,3.7449,0.0,100.0,1.0,0.0386,0.0334
10120105,0.0,0.0,0.0,1.0,0.0,0.0
10120106,80.1277,0.0,100.0,1.0,0.804,0.7586
10120107,10.983,0.0,100.0,1.0,0.1089,0.0896
10120108,34.8679,0.0,100.0,1.0,0.3517,0.3142
10120109,90.611,0.0,100.0,1.0,0.907,0.8531
10120110,98.8593,0.0,100.0,1.0,0.9909,0.9245
10120111,97.7935,0.0,100.0,1.0,0.9739,0.9371
10120112,71.0565,0.0,100.0,1.0,0.7095,0.6733
10120113,91.5033,0.0,100.0,1.0,0.9159,0.8909
10120201,12.4432,0.0,100.0,1.0,0.1239,0.1046
10120202,85.3957,0.0,100.0,1.0,0.8587,0.8092
10120203,62.6426,0.0,100.0,1.0,0.6313,0.5576
10130101,89.8464,0.0,100.0,0.9999,0.9011,0.8429
10130102,20.5209,0.0,100.0,0.9998,0.2009,0.1538
10130103,14.4624,0.0,100.0,0.9999,0.1386,0.1024
10130104,25.7858,0.0,100.0,1.0,0.258,0.1871
10130105,20.3555,0.0,100.0,1.0,0.2051,0.1697
10130106,75.9516,0.0,100.0,0.999,0.7712,0.6717
10130201,72.0908,0.0,100.0,0.9999,0.7233,0.6991
10130202,42.8107,0.0,100.0,1.0,0.4223,0.4182
10130203,97.8052,0.0,100.0,1.0,0.9883,0.9302
10130204,64.03,0.0,100.0,1.0,0.6457,0.6091
10130205,56.9483,0.0,100.0,0.9998,0.5687,0.5537
10130206,34.9945,0.0,100.0,1.0,0.3624,0.2734
10130301,0.0,0.0,0.0,1.0,0.0,0.0
10130302,0.0,0.0,0.0,1.0,0.0,0.0
10130303,45.544,0.0,100.0,1.0,0.4552,0.4287
10130304,68.6395,0.0,100.0,1.0,0.6959,0.6483
10130305,33.3325,0.0,100.0,1.0,0.3368,0.2891
10130306,2.8818,0.0,100.0,1.0,0.0219,0.0177
10140101,1.8748,0.0,100.0,0.9999,0.0086,0.0067
10140102,41.6452,0.0,100.0,1.0,0.4186,0.3972
10140103,41.1963,0.0,100.0,1.0,0.4096,0.3681
10140104,0.0,0.0,0.0,1.0,0.0,0.0
10140105,15.7319,0.0,100.0,1.0,0.1521,0.1243
10140201,70.9212,0.0,100.0,1.0,0.7131,0.6778
10140202,50.1519,0.0,100.0,1.0,0.5114,0.4633
10140203,27.4704,0.0,100.0,1.0,0.2725,0.2279
10140204,1.0271,0.0,54.193,1.0,0.0075,0.0
10150002,0.0,0.0,0.0,1.0,0.0,0.0
10150003,17.4542,0.0,100.0,0.9996,0.1742,0.154
10150004,90.6574,0.0,100.0,1.0,0.9095,0.8845
10150005,99.9234,0.0,100.0,1.0,0.9996,0.9951
10150006,19.8711,0.0,100.0,1.0,0.1943,0.1626
10150007,1.1129,0.0,49.819,1.0,0.0,0.0
10160001,60.8929,0.0,100.0,1.0,0.6366,0.5064
10160002,60.7559,0.0,100.0,1.0,0.6329,0.5019
10160003,92.7526,0.0,100.0,0.9999,0.9379,0.8839
10160004,96.9858,0.0,100.0,1.0,0.9763,0.9212
10160005,98.0242,0.0,100.0,1.0,0.9855,0.895
10160006,96.1078,0.0,100.0,1.0,0.9667,0.9271
10160007,100.0,100.0,100.0,1.0,1.0,1.0
10160008,99.0428,0.0,100.0,1.0,0.9945,0.9462
10160009,100.0,100.0,100.0,0.9998,1.0,1.0
10160011,82.6956,0.0,100.0,1.0,0.8284,0.8048
10170101,75.0128,0.0,100.0,1.0,0.7445,0.7146
10170102,100.0,100.0,100.0,1.0,1.0,1.0
10170103,100.0,100.0,100.0,1.0,1.0,1.0
10170104,0.0,0.0,0.0,1.0,0.0,0.0
10170201,99.4586,0.0,100.0,0.9992,0.9963,0.9786
10170202,98.8183,0.0,100.0,1.0,0.9896,0.9748
10170203,99.5309,0.0,100.0,1.0,0.9956,0.9711
10170204,99.9999,99.364,100.0,1.0,1.0,0.9998
10180001,1.2824,0.0,100.0,1.0,0.0102,0.0077
10180002,1.2369,0.0,100.0,0.9999,0.0109,0.0075
10180003,28.3379,0.0,100.0,0.9997,0.2812,0.2375
10180004,35.5258,0.0,100.0,0.9993,0.3487,0.3228
10180005,29.3027,0.0,100.0,1.0,0.2948,0.2398
10180006,63.7132,0.0,100.0,1.0,0.6514,0.5505
10180007,20.4713,0.0,100.0,0.9999,0.2021,0.1709
10180008,13.1688,0.0,100.0,1.0,0.1276,0.099
10180009,11.689,0.0,100.0,0.9999,0.1119,0.097
10180010,39.1795,0.0,100.0,0.9998,0.3914,0.3282
10180011,81.3583,0.0,100.0,1.0,0.8225,0.7491
10180012,84.5678,0.0,100.0,0.9998,0.8463,0.8186
10180013,47.0367,0.0,100.0,1.0,0.4798,0.4057
10180014,89.0711,0.0,100.0,1.0,0.8846,0.863
10190001,13.2998,0.0,100.0,0.9998,0.1303,0.0821
10190002,79.5428,0.0,100.0,1.0,0.8131,0.7017
10190003,95.1025,0.0,100.0,1.0,0.9614,0.9031
10190004,94.5203,0.0,100.0,1.0,0.9634,0.8357
10190005,96.4466,0.0,100.0,1.0,0.978,0.8814
10190006,65.6444,0.0,100.0,1.0,0.6755,0.5384
10190007,89.5173,0.0,100.0,1.0,0.902,0.8556
10190008,99.9843,75.305,100.0,1.0,1.0,0.9994
10190009,99.3988,0.0,100.0,1.0,0.9951,0.958
10190010,87.6123,0.0,100.0,1.0,0.8817,0.8236
10190011,94.8275,0.0,100.0,1.0,0.9541,0.8921
10190012,38.8401,0.0,100.0,1.0,0.3928,0.3493
10190013,99.8364,0.0,100.0,1.0,0.9984,0.9967
10190014,76.26,0.0,100.0,1.0,0.7715,0.7126
10190015,99.7944,0.0,100.0,1.0,0.9985,0.9695
10190016,40.2383,0.0,100.0,1.0,0.4099,0.3612
10190017,67.4042,0.0,100.0,1.0,0.687,0.6325
10190018,48.226,0.0,100.0,0.9997,0.4913,0.4459
10200101,90.1365,0.0,100.0,0.9999,0.9144,0.8582
10200102,99.9779,54.942,100.0,1.0,1.0,0.9995
10200103,98.7087,54.944,100.0,1.0,1.0,0.9707
10200201,93.3634,0.0,100.0,1.0,0.9468,0.8871
10200202,96.6865,0.0,100.0,1.0,0.9966,0.9157
10200203,100.0,100.0,100.0,1.0,1.0,1.0
10210001,99.1942,0.0,100.0,1.0,0.9937,0.956
10210002,99.1113,0.0,100.0,1.0,0.9945,0.9334
10210003,97.0537,0.0,100.0,0.9998,0.972,0.9277
10210004,100.0,100.0,100.0,1.0,1.0,1.0
10210005,100.0,100.0,100.0,1.0,1.0,1.0
10210006,99.9847,0.0,100.0,1.0,0.9998,0.9988
10210007,61.5758,0.0,100.0,1.0,0.6222,0.5446
10210008,99.9931,94.737,100.0,1.0,1.0,0.996
10210009,59.1932,0.0,100.0,1.0,0.5945,0.5492
10210010,18.3062,0.0,100.0,1.0,0.1753,0.1579
10220001,33.3305,0.0,100.0,1.0,0.3323,0.3041
10220002,34.8907,0.0,100.0,1.0,0.3422,0.3339
10220003,98.6957,0.0,100.0,1.0,0.9856,0.973
10220004,96.3044,0.0,100.0,1.0,0.9658,0.9234
10230001,97.8428,0.0,100.0,1.0,0.9694,0.9628
10230002,99.3467,0.0,100.0,1.0,0.9943,0.9881
10230003,76.0831,0.0,100.0,1.0,0.7705,0.7174
10230004,96.5782,0.0,100.0,1.0,0.9781,0.8817
10230005,51.4164,0.0,100.0,1.0,0.5084,0.4751
10230006,98.7911,45.84,100.0,1.0,0.9781,0.9758
10230007,92.3715,0.0,100.0,1.0,0.9271,0.8936
10240001,98.5161,49.508,100.0,1.0,0.9712,0.9703
10240002,100.0,100.0,100.0,1.0,1.0,1.0
10240003,100.0,100.0,100.0,1.0,1.0,1.0
10240004,99.7902,49.605,100.0,1.0,0.9958,0.9958
10240005,46.3501,0.0,100.0,1.0,0.4746,0.4243
10240006,97.2365,0.0,100.0,1.0,0.9726,0.9656
10240007,94.285,0.0,100.0,1.0,0.9485,0.8924
10240008,66.3003,0.0,100.0,1.0,0.6676,0.6171
10240009,91.2885,0.0,100.0,1.0,0.9138,0.8903
10240010,27.2772,0.0,100.0,1.0,0.2837,0.2386
10240011,91.4036,0.0,100.0,1.0,0.9389,0.8706
10240012,71.841,0.0,100.0,1.0,0.7141,0.6825
10240013,30.7541,0.0,100.0,1.0,0.2977,0.2557
10250001,100.0,100.0,100.0,1.0,1.0,1.0
10250002,83.5156,0.0,100.0,0.999,0.8383,0.8153
10250003,99.1327,0.0,100.0,1.0,0.9933,0.9731
10250004,50.5087,0.0,100.0,0.9998,0.5094,0.477
10250005,38.6713,0.0,100.0,0.9998,0.3842,0.3408
10250006,1.2623,0.0,100.0,0.9992,0.0124,0.0101
10250007,32.5741,0.0,100.0,1.0,0.3267,0.28
10250008,37.8182,0.0,100.0,1.0,0.3806,0.3258
10250009,80.0679,0.0,100.0,0.9997,0.8082,0.7682
10250010,99.3019,0.0,100.0,1.0,0.9962,0.9545
10250011,46.2943,0.0,100.0,1.0,0.4788,0.3993
10250012,95.2661,0.0,100.0,1.0,0.9617,0.8848
10250013,100.0,100.0,100.0,1.0,1.0,1.0
10250014,59.5418,0.0,100.0,1.0,0.6046,0.5236
10250015,67.3122,0.0,100.0,1.0,0.684,0.6406
10250016,99.2981,71.114,100.0,1.0,1.0,0.9742
10250017,99.3838,74.212,100.0,1.0,1.0,0.9748
10260001,99.9464,60.0,100.0,1.0,1.0,0.9654
10260002,94.8263,0.0,100.0,0.9995,0.9583,0.8592
10260003,95.0892,0.0,100.0,1.0,0.955,0.8933
10260004,100.0,100.0,100.0,1.0,1.0,1.0
10260005,75.5747,0.0,100.0,1.0,0.7622,0.7067
10260006,44.9814,0.0,100.0,1.0,0.459,0.3922
10260007,15.8589,0.0,100.0,1.0,0.1495,0.124
10260008,99.2389,61.705,100.0,1.0,1.0,0.9732
10260009,20.6778,0.0,100.0,1.0,0.1985,0.1825
10260010,33.6259,0.0,100.0,1.0,0.3335,0.2953
10260011,61.9979,0.0,100.0,1.0,0.6186,0.5813
10260012,99.4966,60.396,100.0,1.0,1.0,0.9805
10260013,40.1974,0.0,100.0,1.0,0.4049,0.3676
10260014,78.8008,0.0,100.0,1.0,0.7884,0.7245
10260015,86.7391,0.0,100.0,1.0,0.8726,0.8357
10270101,99.4796,73.026,100.0,1.0,1.0,0.9806
10270102,99.0091,0.0,100.0,1.0,0.9947,0.9666
10270103,99.9934,79.435,100.0,1.0,1.0,0.9997
10270104,99.6185,79.447,100.0,1.0,1.0,0.9812
10270201,100.0,100.0,100.0,1.0,1.0,1.0
10270202,99.4564,0.0,100.0,1.0,0.9957,0.9754
10270203,100.0,100.0,100.0,1.0,1.0,1.0
10270204,100.0,100.0,100.0,1.0,1.0,1.0
10270205,99.9818,73.355,100.0,1.0,1.0,0.9787
10270206,99.8698,0.0,100.0,1.0,0.9992,0.9775
10270207,99.9696,0.0,100.0,1.0,0.9997,0.9778
10280101,49.5069,0.0,100.0,1.0,0.4922,0.4687
10280102,52.0725,0.0,100.0,1.0,0.5263,0.498
10280103,25.4043,0.0,100.0,1.0,0.2483,0.235
10280201,51.3691,0.0,100.0,1.0,0.5162,0.4952
10280202,2.9034,0.0,100.0,1.0,0.017,0.0149
10280203,1.8082,0.0,100.0,1.0,0.0201,0.0121
10290101,100.0,100.0,100.0,1.0,1.0,1.0
10290102,100.0,100.0,100.0,1.0,1.0,1.0
10290103,99.9631,81.386,100.0,1.0,1.0,0.9974
10290104,79.4467,0.0,100.0,1.0,0.8032,0.7571
10290105,99.8726,87.286,100.0,1.0,1.0,0.9674
10290106,99.7557,0.0,100.0,1.0,0.9988,0.9773
10290107,100.0,100.0,100.0,1.0,1.0,1.0
10290108,99.7359,0.0,100.0,1.0,0.998,0.9778
10290109,88.8875,0.0,100.0,1.0,0.8904,0.8379
10290110,100.0,100.0,100.0,1.0,1.0,1.0
10290111,35.8829,0.0,100.0,1.0,0.3607,0.3057
10290201,92.1282,0.0,100.0,1.0,0.9264,0.873
10290202,50.5378,0.0,100.0,1.0,0.5254,0.4077
10290203,70.4844,0.0,100.0,1.0,0.7178,0.6542
10300101,98.3178,0.0,100.0,1.0,0.9955,0.9657
10300102,44.221,0.0,100.0,1.0,0.4488,0.4149
10300103,99.8789,0.0,100.0,1.0,0.9993,0.9789
10300104,100.0,100.0,100.0,1.0,1.0,1.0
10300200,97.8422,0.0,100.0,1.0,0.9951,0.9574
11010001,94.7437,0.0,100.0,1.0,0.9511,0.8931
11010002,100.0,100.0,100.0,1.0,1.0,1.0
11010003,86.9083,0.0,100.0,1.0,0.8746,0.8272
11010004,63.8148,0.0,100.0,1.0,0.6538,0.5555
11010005,70.9277,0.0,100.0,1.0,0.7167,0.6554
11010006,46.601,0.0,100.0,1.0,0.4709,0.4093
11010007,18.0631,0.0,100.0,1.0,0.174,0.1551
11010008,7.8282,0.0,100.0,1.0,0.0746,0.0553
11010009,9.6243,0.0,100.0,1.0,0.0945,0.0708
11010010,0.0015,0.0,2.3028,1.0,0.0,0.0
11010011,3.5845,0.0,100.0,1.0,0.034,0.0251
11010012,1.5195,0.0,100.0,1.0,0.0112,0.0092
11010013,73.9004,0.0,100.0,1.0,0.7334,0.6725
11010014,95.8387,0.0,100.0,1.0,0.9635,0.9017
11020001,43.5908,0.0,100.0,1.0,0.4477,0.3279
11020002,76.8343,0.0,100.0,1.0,0.7865,0.6695
11020003,84.6829,0.0,100.0,1.0,0.8759,0.7298
11020004,90.7382,0.0,100.0,1.0,0.9189,0.8082
11020005,99.2774,0.0,100.0,1.0,0.9988,0.9715
11020006,64.6385,0.0,100.0,1.0,0.6503,0.5802
11020007,96.3624,0.0,100.0,1.0,0.9676,0.9079
11020008,100.0,100.0,100.0,1.0,1.0,1.0
11020009,43.9622,0.0,100.0,1.0,0.4458,0.4034
11020010,75.1257,0.0,100.0,1.0,0.771,0.6547
11020011,95.9707,0.0,100.0,0.9998,0.9624,0.9054
11020012,100.0,100.0,100.0,1.0,1.0,1.0
11020013,0.7438,0.0,100.0,1.0,0.0071,0.0057
11030001,72.4181,0.0,100.0,0.9998,0.7351,0.6736
11030002,100.0,100.0,100.0,0.9997,1.0,1.0
11030003,99.1052,68.45,100.0,1.0,1.0,0.9711
11030004,96.5848,0.0,100.0,1.0,0.9764,0.934
11030005,99.999,99.882,100.0,0.9998,1.0,0.9905
11030006,99.4262,0.0,100.0,1.0,0.9954,0.9718
11030007,100.0,100.0,100.0,1.0,1.0,1.0
11030008,85.2404,0.0,100.0,1.0,0.8567,0.8198
11030009,99.9925,75.024,100.0,1.0,1.0,0.9997
11030010,98.618,75.046,100.0,1.0,1.0,0.9442
11030011,68.7044,0.0,100.0,1.0,0.692,0.6539
11030012,99.9607,75.378,100.0,1.0,1.0,0.9984
11030013,99.2598,76.216,100.0,1.0,1.0,0.9677
11030014,100.0,100.0,100.0,1.0,1.0,1.0
11030015,100.0,100.0,100.0,1.0,1.0,1.0
11030016,100.0,100.0,100.0,1.0,1.0,1.0
11030017,100.0,100.0,100.0,1.0,1.0,1.0
11030018,99.9918,77.97,100.0,1.0,1.0,0.9996
11040001,3.9607,0.0,100.0,1.0,0.0365,0.0281
11040002,13.0163,0.0,100.0,1.0,0.1294,0.128
11040003,25.9943,0.0,100.0,0.9996,0.2574,0.2529
11040004,1.4651,0.0,100.0,1.0,0.0149,0.0139
11040005,16.2487,0.0,100.0,1.0,0.1626,0.1521
11040006,76.8421,0.0,100.0,1.0,0.7651,0.7492
11040007,100.0,100.0,100.0,1.0,1.0,1.0
11040008,99.2766,31.205,100.0,0.9996,0.987,0.9866
11050001,99.1656,53.063,100.0,1.0,1.0,0.9804
11050002,99.4945,62.094,100.0,1.0,1.0,0.9854
11050003,98.9294,69.738,100.0,1.0,1.0,0.963
11060001,99.4017,78.925,100.0,1.0,1.0,0.9712
11060002,100.0,100.0,100.0,1.0,1.0,1.0
11060003,100.0,100.0,100.0,1.0,1.0,1.0
11060004,100.0,100.0,100.0,1.0,1.0,1.0
11060005,100.0,100.0,100.0,1.0,1.0,1.0
11060006,99.5571,72.17,100.0,1.0,1.0,0.9751
11070101,52.1293,0.0,100.0,1.0,0.5287,0.4956
11070102,78.521,0.0,100.0,1.0,0.7901,0.7588
11070103,96.445,0.0,100.0,1.0,0.974,0.931
11070104,83.4419,0.0,100.0,1.0,0.8413,0.784
11070105,98.4367,0.0,100.0,1.0,0.9914,0.9402
11070106,100.0,100.0,100.0,1.0,1.0,1.0
11070107,100.0,100.0,100.0,1.0,1.0,1.0
11070201,100.0,100.0,100.0,1.0,1.0,1.0
11070202,100.0,100.0,100.0,1.0,1.0,1.0
11070203,100.0,100.0,100.0,1.0,1.0,1.0
11070204,46.4036,0.0,100.0,1.0,0.4651,0.422
11070205,43.1507,0.0,100.0,1.0,0.4413,0.396
11070206,99.3138,72.831,100.0,1.0,1.0,0.9662
11070207,96.7588,0.0,100.0,1.0,0.9692,0.9513
11070208,100.0,100.0,100.0,1.0,1.0,1.0
11070209,99.7586,81.275,100.0,1.0,1.0,0.9829
11080001,21.7693,0.0,100.0,1.0,0.2197,0.1617
11080002,6.6189,0.0,100.0,1.0,0.0591,0.0394
11080003,32.9108,0.0,100.0,1.0,0.3281,0.3013
11080004,51.4076,0.0,100.0,1.0,0.5269,0.4084
11080005,100.0,100.0,100.0,1.0,1.0,1.0
11080006,98.2389,0.0,100.0,1.0,0.9814,0.9394
11080007,38.4505,0.0,100.0,1.0,0.3852,0.349
11080008,99.2695,0.0,100.0,1.0,0.9956,0.9526
11090101,98.8538,0.0,100.0,1.0,0.996,0.9655
11090102,43.883,0.0,100.0,1.0,0.4348,0.3961
11090103,32.8904,0.0,100.0,0.9996,0.3211,0.3143
11090104,13.5658,0.0,100.0,1.0,0.1347,0.1178
11090105,99.1797,53.734,100.0,1.0,1.0,0.9814
11090106,67.7032,0.0,100.0,1.0,0.6903,0.6419
11090201,70.514,0.0,100.0,1.0,0.7244,0.6681
11090202,97.9551,60.139,100.0,1.0,1.0,0.9465
11090203,99.6266,0.0,100.0,1.0,0.9968,0.9525
11090204,82.3198,0.0,100.0,1.0,0.8325,0.7885
11100101,0.28,0.0,100.0,1.0,0.0031,0.0018
11100102,25.6183,0.0,100.0,1.0,0.2479,0.2268
11100103,52.3431,0.0,100.0,1.0,0.5261,0.4851
11100104,76.594,0.0,100.0,1.0,0.7678,0.732
11100201,44.8318,0.0,100.0,1.0,0.4412,0.426
11100202,28.6628,0.0,100.0,1.0,0.2791,0.2555
11100203,33.2879,0.0,100.0,1.0,0.3262,0.3156
11100301,97.1678,28.202,100.0,1.0,0.9517,0.9517
11100302,97.1078,44.941,100.0,1.0,0.9604,0.9442
11100303,100.0,100.0,100.0,1.0,1.0,1.0
11110101,99.3447,80.153,100.0,1.0,1.0,0.9667
11110102,99.5465,62.659,100.0,1.0,1.0,0.9762
11110103,99.9916,82.093,100.0,1.0,1.0,0.9995
11110104,99.4871,0.0,100.0,1.0,0.9996,0.9794
11110105,84.4761,0.0,100.0,1.0,0.8622,0.7633
11110201,93.1321,0.0,100.0,1.0,0.948,0.8383
11110202,99.3025,0.0,100.0,1.0,0.9975,0.9725
11110203,88.8068,0.0,100.0,1.0,0.9075,0.7901
11110204,97.7862,0.0,100.0,1.0,0.9857,0.9103
11110205,97.3528,0.0,100.0,1.0,0.9789,0.9084
11110206,78.9234,0.0,100.0,1.0,0.8027,0.7136
11110207,96.8646,0.0,100.0,1.0,0.9835,0.8887
11120101,100.0,100.0,100.0,1.0,1.0,1.0
11120102,100.0,100.0,100.0,1.0,1.0,1.0
11120103,99.8996,0.0,100.0,1.0,0.9991,0.9974
11120104,100.0,100.0,100.0,1.0,1.0,1.0
11120105,75.6227,0.0,100.0,1.0,0.7735,0.6469
11120201,100.0,100.0,100.0,1.0,1.0,1.0
11120202,91.7454,0.0,100.0,1.0,0.9218,0.86
11120301,99.7799,0.0,100.0,1.0,0.9993,0.9571
11120302,64.2598,0.0,100.0,1.0,0.6493,0.5918
11120303,99.1359,0.0,100.0,1.0,0.9969,0.9514
11120304,92.5705,0.0,100.0,1.0,0.9294,0.8814
11130101,99.8699,94.574,100.0,1.0,1.0,0.9745
11130102,99.0355,0.0,100.0,1.0,0.9949,0.9348
11130103,80.7028,0.0,100.0,1.0,0.8143,0.7702
11130104,86.7656,0.0,100.0,1.0,0.8706,0.8238
11130105,99.1214,81.894,100.0,1.0,1.0,0.9454
11130201,63.2454,0.0,100.0,1.0,0.6385,0.5788
11130202,99.3777,0.0,100.0,1.0,0.9956,0.9475
11130203,98.8886,0.0,100.0,1.0,0.9925,0.9577
11130204,88.7014,0.0,100.0,1.0,0.8953,0.8268
11130205,61.195,0.0,100.0,1.0,0.6088,0.5685
11130206,99.1608,63.337,100.0,1.0,1.0,0.9448
11130207,100.0,100.0,100.0,1.0,1.0,1.0
11130208,99.9891,91.929,100.0,1.0,1.0,0.9986
11130209,100.0,100.0,100.0,1.0,1.0,1.0
11130210,22.3415,0.0,100.0,1.0,0.2301,0.1791
11130301,25.2574,0.0,100.0,1.0,0.2492,0.2177
11130302,94.0533,0.0,100.0,1.0,0.943,0.9084
11130303,97.4117,0.0,100.0,1.0,0.9794,0.9525
11130304,39.762,0.0,100.0,1.0,0.4057,0.3472
11140101,11.352,0.0,100.0,1.0,0.1181,0.0768
11140102,28.2024,0.0,100.0,1.0,0.278,0.2583
11140103,25.7833,0.0,100.0,1.0,0.2557,0.2359
11140104,45.0538,0.0,100.0,1.0,0.4547,0.4202
11140105,36.1579,0.0,100.0,1.0,0.3682,0.2999
11140106,11.2245,0.0,100.0,1.0,0.124,0.0738
11140107,54.0775,0.0,100.0,1.0,0.5479,0.5049
11140108,24.0867,0.0,100.0,1.0,0.2324,0.1808
11140109,8.0714,0.0,100.0,1.0,0.0738,0.054
11140201,77.3468,0.0,100.0,1.0,0.7844,0.7419
11140202,78.1309,0.0,100.0,1.0,0.8455,0.6323
11140203,97.6539,0.0,100.0,1.0,0.9796,0.9416
11140204,99.5127,68.226,100.0,1.0,1.0,0.9582
11140205,86.4756,0.0,100.0,1.0,0.8735,0.809
11140206,93.6064,0.0,100.0,1.0,0.9488,0.8422
11140207,41.52,0.0,100.0,1.0,0.4264,0.364
11140208,91.9153,0.0,100.0,1.0,0.9291,0.8565
11140209,94.6983,0.0,100.0,1.0,0.9543,0.9046
11140301,2.2838,0.0,100.0,1.0,0.0212,0.017
11140302,45.6876,0.0,100.0,1.0,0.454,0.4437
11140303,8.1828,0.0,100.0,1.0,0.0808,0.0694
11140304,99.6807,0.0,100.0,1.0,0.999,0.9809
11140305,68.7795,0.0,100.0,1.0,0.6878,0.6516
11140306,99.607,68.611,100.0,1.0,1.0,0.9802
11140307,95.5736,0.0,100.0,1.0,0.9645,0.8819
12010001,64.4856,0.0,100.0,1.0,0.6553,0.5986
12010002,83.5946,0.0,100.0,1.0,0.8464,0.7859
12010003,1.4514,0.0,100.0,1.0,0.0153,0.01
12010004,89.2254,0.0,100.0,1.0,0.9047,0.8451
12010005,96.0088,0.0,100.0,1.0,0.9687,0.9202
12020001,5.2891,0.0,100.0,1.0,0.0487,0.0417
12020002,0.2195,0.0,100.0,1.0,0.001,0.001
12020003,68.8843,0.0,100.0,1.0,0.6718,0.6711
12020004,61.9089,0.0,100.0,1.0,0.6306,0.5388
12020005,54.2366,0.0,100.0,1.0,0.5589,0.4769
12020006,60.2342,0.0,100.0,1.0,0.5973,0.571
12020007,99.7135,0.0,100.0,1.0,0.9975,0.9837
12030101,99.7594,0.0,100.0,1.0,0.9986,0.9885
12030102,95.8666,0.0,100.0,1.0,0.9658,0.8917
12030103,100.0,100.0,100.0,1.0,1.0,1.0
12030104,100.0,100.0,100.0,1.0,1.0,1.0
12030105,91.0091,0.0,100.0,1.0,0.9112,0.8691
12030106,99.9997,99.105,100.0,1.0,1.0,0.9997
12030107,79.2759,0.0,100.0,1.0,0.8017,0.7413
12030108,82.9411,0.0,100.0,1.0,0.8394,0.7624
12030109,97.9393,0.0,100.0,1.0,0.9797,0.97
12030201,8.9273,0.0,100.0,1.0,0.0902,0.0604
12030202,11.677,0.0,100.0,1.0,0.1219,0.0865
12030203,98.6157,67.778,100.0,0.9892,1.0,0.9564
12040101,42.9211,0.0,100.0,1.0,0.4264,0.3678
12040102,82.9835,0.0,100.0,1.0,0.8525,0.7213
12040103,66.4043,0.0,100.0,1.0,0.6656,0.5714
12040104,99.7554,0.0,100.0,0.9804,0.9989,0.995
12040201,97.7571,0.0,100.0,0.9962,0.9846,0.903
12040202,98.9076,0.0,100.0,0.5954,0.9921,0.9509
12040203,99.8134,0.0,100.0,0.6221,0.9981,0.9963
12040204,96.7801,0.0,100.0,0.7138,0.9752,0.9054
12040205,98.6475,0.0,100.0,0.8526,0.9901,0.8975
12050001,100.0,100.0,100.0,0.9999,1.0,1.0
12050002,99.8472,0.0,100.0,1.0,0.9983,0.9962
12050003,99.4694,0.0,100.0,1.0,0.9951,0.9571
12050004,93.6023,0.0,100.0,1.0,0.9378,0.9033
12050005,99.3829,0.0,100.0,1.0,0.9951,0.9362
12050006,99.9943,99.675,100.0,1.0,1.0,0.9786
12050007,81.006,0.0,100.0,1.0,0.8177,0.7558
12060101,93.1636,0.0,100.0,1.0,0.933,0.8972
12060102,100.0,100.0,100.0,1.0,1.0,1.0
12060103,100.0,100.0,100.0,1.0,1.0,1.0
12060104,99.997,99.816,100.0,1.0,1.0,0.9834
12060105,99.0425,0.0,100.0,1.0,0.991,0.9688
12060201,99.9059,50.0,100.0,1.0,1.0,0.9776
12060202,99.9292,96.571,100.0,1.0,1.0,0.9781
12060203,100.0,100.0,100.0,1.0,1.0,1.0
12060204,100.0,100.0,100.0,1.0,1.0,1.0
12070101,93.4907,0.0,100.0,1.0,0.9381,0.8799
12070102,100.0,100.0,100.0,1.0,1.0,1.0
12070103,81.9388,0.0,100.0,1.0,0.8339,0.752
12070104,74.2317,0.0,100.0,0.9997,0.7563,0.6291
12070201,99.9998,99.624,100.0,1.0,1.0,0.9973
12070202,99.298,0.0,100.0,1.0,0.995,0.971
12070203,99.4656,0.0,100.0,1.0,0.997,0.9681
12070204,99.7877,0.0,100.0,1.0,0.9988,0.942
12070205,99.895,0.0,100.0,1.0,0.9991,0.9853
12080001,99.9633,60.0,100.0,1.0,1.0,0.9989
12080002,90.5628,0.0,100.0,0.9999,0.9059,0.8862
12080003,62.7123,0.0,100.0,1.0,0.6285,0.5796
12080004,85.7877,0.0,100.0,1.0,0.8631,0.8206
12080005,99.4907,0.0,100.0,1.0,0.9957,0.981
12080006,92.2167,0.0,100.0,1.0,0.9323,0.8694
12080007,99.4167,88.098,100.0,1.0,1.0,0.9496
12080008,98.6105,0.0,100.0,1.0,0.99,0.9518
12090101,99.8218,90.745,100.0,1.0,1.0,0.98
12090102,93.594,0.0,100.0,1.0,0.9431,0.8695
12090103,98.2627,0.0,100.0,1.0,0.9838,0.9664
12090104,99.0124,0.0,100.0,1.0,0.9926,0.9659
12090105,99.9523,97.765,100.0,1.0,1.0,0.9766
12090106,95.9365,0.0,100.0,1.0,0.9655,0.9158
12090107,99.9611,0.0,100.0,1.0,0.9997,0.9937
12090108,100.0,100.0,100.0,1.0,1.0,1.0
12090109,83.676,0.0,100.0,1.0,0.839,0.82
12090110,89.9753,0.0,100.0,1.0,0.9017,0.8849
12090201,99.7669,84.22,100.0,1.0,1.0,0.9678
12090202,99.9994,98.754,100.0,1.0,1.0,0.9996
12090203,98.1397,0.0,100.0,1.0,0.985,0.9395
12090204,77.5739,0.0,100.0,1.0,0.7825,0.7273
12090205,99.7454,92.291,100.0,1.0,1.0,0.9658
12090206,100.0,100.0,100.0,1.0,1.0,1.0
12090301,92.0997,0.0,100.0,1.0,0.925,0.8894
12090302,67.4736,0.0,100.0,0.9994,0.6916,0.5554
12090401,85.2176,0.0,100.0,0.9996,0.8694,0.7692
12090402,99.1483,0.0,100.0,0.774,0.9938,0.982
12100101,71.2524,0.0,100.0,0.9991,0.7213,0.6575
12100102,32.5086,0.0,100.0,1.0,0.3348,0.2716
12100201,96.2979,0.0,100.0,1.0,0.9668,0.8988
12100202,99.9423,96.889,100.0,1.0,1.0,0.9717
12100203,100.0,100.0,100.0,1.0,1.0,1.0
12100204,96.2927,0.0,100.0,1.0,0.9631,0.9216
12100301,98.3328,0.0,100.0,1.0,0.9894,0.9329
12100302,96.8454,0.0,100.0,1.0,0.9749,0.909
12100303,99.8689,50.0,100.0,1.0,1.0,0.9527
12100304,90.7382,0.0,100.0,1.0,0.9139,0.8417
12100401,44.0718,0.0,100.0,0.6824,0.445,0.3905
12100402,53.5173,0.0,100.0,0.9313,0.538,0.5035
12100403,97.0668,0.0,100.0,0.4201,0.9807,0.9073
12100404,98.8804,0.0,100.0,0.5567,0.9898,0.9796
12100405,99.3714,0.0,100.0,0.6446,0.9965,0.9844
12100406,100.0,100.0,100.0,0.9939,1.0,1.0
12100407,99.9225,0.0,100.0,0.9985,0.9995,0.9985
12110101,68.3329,0.0,100.0,1.0,0.7023,0.6095
12110102,74.4845,0.0,100.0,1.0,0.761,0.6851
12110103,78.8712,0.0,100.0,1.0,0.7929,0.7526
12110104,99.7508,0.0,100.0,1.0,0.9981,0.9698
12110105,41.6485,0.0,100.0,1.0,0.4235,0.3851
12110106,92.0623,0.0,100.0,1.0,0.932,0.8641
12110107,99.9507,88.386,100.0,1.0,1.0,0.9955
12110108,40.3021,0.0,100.0,1.0,0.412,0.3443
12110109,73.6508,0.0,100.0,1.0,0.7461,0.6804
12110110,97.1734,0.0,100.0,1.0,0.9727,0.9589
12110111,99.2596,67.001,100.0,1.0,1.0,0.9702
12110201,99.0465,75.941,100.0,0.6019,1.0,0.9592
12110202,97.9673,0.0,100.0,0.563,0.9867,0.9304
12110203,96.8608,0.0,100.0,0.4696,0.9771,0.9341
12110204,100.0,100.0,100.0,1.0,1.0,1.0
12110205,99.7484,0.0,100.0,0.9477,0.9979,0.9933
12110206,95.1785,0.0,100.0,0.9996,0.9574,0.8734
12110207,81.3861,0.0,100.0,0.8592,0.817,0.7615
12110208,99.17,0.0,100.0,0.8326,0.9948,0.9763
13010001,13.3974,0.0,100.0,1.0,0.1304,0.1017
13010002,17.6904,0.0,100.0,1.0,0.1799,0.1413
13010003,17.8551,0.0,100.0,0.9981,0.1848,0.1228
13010004,12.5537,0.0,100.0,1.0,0.1247,0.1004
13010005,5.4977,0.0,100.0,1.0,0.0526,0.0337
13020101,42.2743,0.0,100.0,1.0,0.4291,0.343
13020102,36.2804,0.0,100.0,0.9999,0.3664,0.2957
13020201,61.1722,0.0,100.0,1.0,0.6147,0.5261
13020202,70.1309,0.0,100.0,1.0,0.7083,0.6229
13020203,86.058,0.0,100.0,0.9995,0.8675,0.7984
13020204,90.6457,0.0,100.0,1.0,0.926,0.8365
13020205,49.0033,0.0,100.0,1.0,0.5048,0.4036
13020206,92.1333,0.0,100.0,0.9981,0.9392,0.8495
13020207,50.631,0.0,100.0,1.0,0.515,0.4271
13020208,38.4235,0.0,100.0,0.9942,0.3875,0.3459
13020209,94.4096,0.0,100.0,1.0,0.9622,0.8289
13020210,39.2042,0.0,100.0,0.9995,0.3919,0.3044
13020211,23.2389,0.0,100.0,0.9998,0.2311,0.1686
13030101,58.3082,0.0,100.0,1.0,0.6044,0.4616
13030102,96.387,0.0,100.0,0.4456,0.9805,0.9053
13030103,88.6746,0.0,100.0,0.999,0.9042,0.7903
13030201,22.722,0.0,100.0,0.236,0.2248,0.1943
13030202,82.3927,0.0,100.0,0.6764,0.8378,0.709
13040100,60.6577,0.0,100.0,0.995,0.6242,0.5035
13040201,5.6472,0.0,100.0,0.9977,0.0629,0.0301
13040202,0.0118,0.0,44.206,1.0,0.0,0.0
13040203,0.4315,0.0,43.348,0.9946,0.0,0.0
13040204,0.0317,0.0,41.898,1.0,0.0,0.0
13040205,0.604,0.0,100.0,0.9993,0.0022,0.0007
13040206,0.0112,0.0,35.46,1.0,0.0,0.0
13040207,0.0,0.0,0.0,1.0,0.0,0.0
13040208,7.8848,0.0,100.0,1.0,0.0694,0.0498
13040209,0.0,0.0,0.0,1.0,0.0,0.0
13040210,0.0,0.0,0.0,1.0,0.0,0.0
13040211,0.0,0.0,0.0,1.0,0.0,0.0
13040212,73.7641,0.0,100.0,1.0,0.738,0.6948
13040301,98.5672,0.0,100.0,1.0,0.9894,0.9488
13040302,91.8716,0.0,100.0,1.0,0.9214,0.8625
13040303,80.3546,0.0,100.0,1.0,0.8148,0.7355
13050001,32.4666,0.0,100.0,0.9984,0.3209,0.2464
13050002,25.5463,0.0,100.0,0.9977,0.2601,0.2004
13050003,72.7534,0.0,100.0,0.9974,0.7364,0.6522
13050004,13.9048,0.0,100.0,0.999,0.1396,0.1229
13060001,58.4677,0.0,100.0,1.0,0.5845,0.5253
13060002,67.2136,0.0,100.0,1.0,0.674,0.6333
13060003,92.7953,0.0,100.0,0.9996,0.9332,0.901
13060004,98.8649,0.0,100.0,0.9995,0.9902,0.9594
13060005,8.8136,0.0,100.0,1.0,0.0838,0.0648
13060006,17.4561,0.0,100.0,1.0,0.1682,0.1383
13060007,19.3078,0.0,100.0,0.9993,0.1923,0.1776
13060008,13.6541,0.0,100.0,1.0,0.1317,0.1029
13060009,11.1488,0.0,100.0,1.0,0.1072,0.0852
13060010,51.2532,0.0,100.0,1.0,0.521,0.4211
13060011,2.9615,0.0,100.0,1.0,0.0263,0.0147
13070001,18.165,0.0,100.0,1.0,0.1789,0.1531
13070002,0.0,0.0,0.0,1.0,0.0,0.0
13070003,0.3565,0.0,100.0,1.0,0.0025,0.0025
13070004,0.0,0.0,0.0,1.0,0.0,0.0
13070005,0.0,0.0,0.0,1.0,0.0,0.0
13070006,4.1402,0.0,100.0,1.0,0.0419,0.0353
13070007,88.6702,0.0,100.0,0.9999,0.8889,0.8523
13070008,81.382,0.0,100.0,1.0,0.8111,0.776
13070009,31.6043,0.0,100.0,1.0,0.316,0.2771
13070010,12.384,0.0,100.0,1.0,0.1187,0.1054
13070011,84.0584,0.0,100.0,1.0,0.8432,0.8138
13070012,40.2149,0.0,100.0,1.0,0.3813,0.3626
13080001,97.1376,0.0,100.0,1.0,0.9698,0.9594
13080002,52.4591,0.0,100.0,1.0,0.5199,0.4925
13080003,1.032,0.0,100.0,1.0,0.0044,0.0021
13090001,11.9101,0.0,100.0,1.0,0.1149,0.1053
13090002,82.6525,0.0,100.0,0.374,0.8095,0.7836
13100000,54.0619,0.0,100.0,0.9936,0.5402,0.5298
13110000,6.1951,0.0,100.0,0.9975,0.0631,0.0468
13120000,0.7535,0.0,100.0,0.9486,0.0074,0.0058
14010001,22.1602,0.0,100.0,1.0,0.2218,0.1735
14010002,30.4286,0.0,100.0,1.0,0.3027,0.2223
14010003,25.8071,0.0,100.0,1.0,0.2635,0.1899
14010004,48.2711,0.0,100.0,1.0,0.4884,0.3703
14010005,46.4063,0.0,100.0,1.0,0.4777,0.3656
14020001,18.2148,0.0,100.0,1.0,0.1889,0.1345
14020002,45.9035,0.0,100.0,1.0,0.4765,0.3552
14020003,35.6492,0.0,100.0,1.0,0.3634,0.2766
14020004,21.5592,0.0,100.0,1.0,0.2163,0.1713
14020005,47.5353,0.0,100.0,1.0,0.4831,0.3856
14020006,41.8201,0.0,100.0,1.0,0.426,0.2953
14030001,7.9084,0.0,100.0,1.0,0.0729,0.0565
14030002,6.8965,0.0,100.0,1.0,0.065,0.0425
14030003,30.5237,0.0,100.0,1.0,0.3156,0.2139
14030004,33.2286,0.0,100.0,1.0,0.3388,0.2488
14030005,2.7849,0.0,100.0,1.0,0.0227,0.0143
14040101,6.2858,0.0,100.0,1.0,0.0598,0.0407
14040102,21.8502,0.0,100.0,1.0,0.2169,0.1616
14040103,0.1141,0.0,8.6242,1.0,0.0,0.0
14040104,3.5511,0.0,100.0,0.9994,0.0355,0.0208
14040105,3.313,0.0,100.0,1.0,0.0328,0.0278
14040106,3.3573,0.0,100.0,1.0,0.0302,0.0194
14040107,8.2993,0.0,100.0,1.0,0.0799,0.0558
14040108,15.5602,0.0,100.0,1.0,0.1476,0.1071
14040109,0.0,0.0,0.0,1.0,0.0,0.0
14040200,62.5642,0.0,100.0,0.9986,0.6285,0.5823
14050001,3.2755,0.0,100.0,1.0,0.0321,0.0205
14050002,0.5745,0.0,100.0,1.0,0.0049,0.0026
14050003,0.0002,0.0,0.7865,1.0,0.0,0.0
14050004,0.0,0.0,0.0,0.9996,0.0,0.0
14050005,27.5547,0.0,100.0,1.0,0.2738,0.2118
14050006,33.6862,0.0,100.0,1.0,0.3417,0.2679
14050007,6.4284,0.0,100.0,1.0,0.0626,0.0436
14060003,15.3118,0.0,100.0,0.9999,0.1519,0.1148
14060004,26.5092,0.0,100.0,1.0,0.2626,0.2169
14060005,0.1223,0.0,13.376,0.9998,0.0,0.0
14060006,0.0,0.0,0.0,1.0,0.0,0.0
14060007,0.2639,0.0,100.0,1.0,0.0017,0.001
14060008,0.1116,0.0,23.954,1.0,0.0,0.0
14060009,0.0,0.0,0.0,1.0,0.0,0.0
14060010,0.0703,0.0,3.7149,1.0,0.0,0.0
14070001,0.2125,0.0,11.912,1.0,0.0,0.0
14070002,0.0,0.0,0.0,1.0,0.0,0.0
14070003,6.7074,0.0,100.0,1.0,0.0652,0.0399
14070004,0.0761,0.0,11.795,1.0,0.0,0.0
14070005,7.1682,0.0,100.0,1.0,0.0667,0.0466
14070006,0.0964,0.0,10.816,1.0,0.0,0.0
14070007,5.7009,0.0,100.0,1.0,0.0522,0.0325
14080101,1.6724,0.0,100.0,1.0,0.0144,0.0095
14080102,0.1644,0.0,50.0,1.0,0.0011,0.0
14080103,39.956,0.0,100.0,1.0,0.3968,0.3706
14080104,20.3341,0.0,100.0,1.0,0.2095,0.1533
14080105,0.1939,0.0,100.0,1.0,0.0002,0.0002
14080106,8.8945,0.0,100.0,0.9999,0.0876,0.0737
14080107,0.2377,0.0,100.0,1.0,0.001,0.001
14080201,0.1275,0.0,9.3603,0.9998,0.0,0.0
14080202,0.0048,0.0,9.0302,1.0,0.0,0.0
14080203,0.0,0.0,0.0,1.0,0.0,0.0
14080204,0.0,0.0,0.0,0.9999,0.0,0.0
14080205,0.108,0.0,6.033,1.0,0.0,0.0
15010001,0.2443,0.0,9.2581,1.0,0.0,0.0
15010002,25.6002,0.0,100.0,0.9997,0.2611,0.2001
15010003,2.3955,0.0,100.0,1.0,0.0218,0.0151
15010004,4.2374,0.0,100.0,0.9995,0.0406,0.0283
15010005,62.3394,0.0,100.0,1.0,0.6389,0.5107
15010006,35.4582,0.0,100.0,1.0,0.3609,0.2627
15010007,75.7957,0.0,100.0,0.9967,0.7963,0.6058
15010008,19.9886,0.0,100.0,0.9998,0.1973,0.139
15010009,3.8166,0.0,100.0,1.0,0.0352,0.0278
15010010,4.021,0.0,100.0,1.0,0.0349,0.021
15010011,0.068,0.0,100.0,0.9991,0.0005,0.0003
15010012,18.9663,0.0,100.0,0.9994,0.1956,0.114
15010013,1.1506,0.0,100.0,1.0,0.0107,0.0068
15010014,94.4344,0.0,100.0,1.0,0.9536,0.8718
15010015,67.5139,0.0,100.0,0.9992,0.7122,0.4985
15020001,10.1753,0.0,100.0,0.9995,0.1027,0.0796
15020002,7.7134,0.0,100.0,0.9993,0.0759,0.0584
15020003,12.8891,0.0,100.0,1.0,0.1276,0.0973
15020004,18.7246,0.0,100.0,1.0,0.1837,0.157
15020005,60.8713,0.0,100.0,0.9996,0.6119,0.5567
15020006,0.0,0.0,0.0,1.0,0.0,0.0
15020007,0.0,0.0,0.0,0.9993,0.0,0.0
15020008,60.6385,0.0,100.0,0.9991,0.6068,0.5582
15020009,0.0,0.0,0.0,1.0,0.0,0.0
15020010,95.4786,0.0,100.0,1.0,0.9584,0.9364
15020011,2.4704,0.0,100.0,0.9995,0.0235,0.0158
15020012,0.0,0.0,0.0,0.9995,0.0,0.0
15020013,0.0009,0.0,1.3354,0.9993,0.0,0.0
15020014,4.8776,0.0,100.0,0.9992,0.0486,0.032
15020015,96.1744,0.0,100.0,1.0,0.9683,0.9129
15020016,14.6608,0.0,100.0,0.9998,0.1504,0.1071
15020017,0.0379,0.0,20.118,0.9981,0.0,0.0
15020018,0.0,0.0,0.0,0.9996,0.0,0.0
15030101,23.3546,0.0,100.0,0.9994,0.2409,0.168
15030102,78.701,0.0,100.0,1.0,0.7929,0.7238
15030103,37.5093,0.0,100.0,1.0,0.3813,0.2905
15030104,65.5699,0.0,100.0,0.9993,0.6574,0.6266
15030105,38.0201,0.0,100.0,0.999,0.3815,0.292
15030106,86.2354,0.0,100.0,1.0,0.8615,0.8116
15030107,95.2372,12.37,100.0,0.1771,0.9427,0.9412
15030108,99.0899,0.0,100.0,0.2284,0.9952,0.9644
15030201,13.7801,0.0,100.0,0.9996,0.1377,0.0925
15030202,0.4416,0.0,100.0,1.0,0.0033,0.0033
15030203,31.3571,0.0,100.0,1.0,0.3175,0.2295
15030204,1.5313,0.0,100.0,1.0,0.0099,0.0066
15040001,11.3047,0.0,100.0,1.0,0.1137,0.0879
15040002,1.3077,0.0,100.0,1.0,0.0105,0.0064
15040003,1.3255,0.0,100.0,0.9975,0.0103,0.0062
15040004,0.0004,0.0,2.7517,1.0,0.0,0.0
15040005,15.4492,0.0,100.0,0.9996,0.1595,0.1124
15040006,3.3226,0.0,100.0,0.9975,0.0313,0.0193
15040007,14.865,0.0,100.0,1.0,0.1491,0.1172
15050100,95.3882,0.0,100.0,0.9987,0.9559,0.8953
15050201,37.41,0.0,100.0,0.9968,0.3764,0.2846
15050202,68.1906,0.0,100.0,0.717,0.6953,0.603
15050203,81.2873,0.0,100.0,1.0,0.844,0.6774
15050301,51.9076,0.0,100.0,0.8477,0.5289,0.4414
15050302,92.8028,0.0,100.0,1.0,0.9411,0.8428
15050303,65.4809,0.0,100.0,0.999,0.6596,0.5829
15050304,16.1293,0.0,100.0,0.9994,0.1671,0.087
15050305,6.2989,0.0,100.0,0.9995,0.0528,0.0302
15050306,39.0843,0.0,100.0,1.0,0.3933,0.3341
15060101,4.3779,0.0,100.0,1.0,0.0406,0.0285
15060102,31.4212,0.0,100.0,1.0,0.3155,0.2301
15060103,50.4329,0.0,100.0,0.9996,0.5164,0.4237
15060104,52.3466,0.0,100.0,1.0,0.532,0.4658
15060105,75.8081,0.0,100.0,1.0,0.7767,0.6567
15060106,90.6005,0.0,100.0,0.9992,0.8943,0.835
15060201,7.4226,0.0,100.0,0.9991,0.0739,0.054
15060202,56.1926,0.0,100.0,1.0,0.5683,0.4892
15060203,85.1296,0.0,100.0,1.0,0.8529,0.7742
15070101,79.8029,0.0,100.0,1.0,0.7924,0.7514
15070102,83.0526,0.0,100.0,1.0,0.8352,0.7864
15070103,93.2908,0.0,100.0,1.0,0.9467,0.8292
15070104,44.5071,0.0,100.0,0.9994,0.4433,0.3258
15070201,67.0267,0.0,100.0,0.9993,0.6725,0.5857
15070202,33.9461,0.0,100.0,0.9996,0.3397,0.2719
15070203,16.8336,0.0,100.0,0.9995,0.1704,0.1116
15080101,18.0562,0.0,100.0,0.7386,0.1833,0.1522
15080102,14.9253,0.0,100.0,0.0905,0.1513,0.127
15080103,70.4856,0.0,100.0,0.2347,0.7167,0.6173
15080200,0.0,0.0,0.0,0.012,0.0,0.0
15080301,2.928,0.0,100.0,0.4527,0.0256,0.0151
15080302,0.0,0.0,0.0,0.2999,0.0,0.0
15080303,0.0,0.0,0.0,0.757,0.0,0.0
16010101,40.3442,0.0,100.0,1.0,0.4036,0.3479
16010102,7.425,0.0,100.0,1.0,0.065,0.0383
16010201,36.5873,0.0,100.0,0.9094,0.3629,0.3001
16010202,45.8669,0.0,100.0,0.9994,0.4692,0.3457
16010203,60.4107,0.0,100.0,1.0,0.6232,0.4831
16010204,81.6841,0.0,100.0,0.9344,0.8418,0.6944
16020101,43.8847,0.0,100.0,1.0,0.4478,0.3566
16020102,74.2601,0.0,100.0,0.9788,0.7607,0.6224
16020201,21.9898,0.0,100.0,0.8951,0.2254,0.1298
16020202,18.1014,0.0,100.0,0.9996,0.1778,0.1175
16020203,84.7404,0.0,100.0,1.0,0.882,0.7032
16020204,64.9703,0.0,100.0,0.9805,0.6822,0.5017
16020301,0.0406,0.0,100.0,0.9985,0.0004,0.0002
16020302,0.0732,0.0,50.0,0.9975,0.0005,0.0
16020303,0.0,0.0,0.0,0.9996,0.0,0.0
16020304,55.8338,0.0,100.0,0.9835,0.5907,0.3884
16020305,55.5815,0.0,100.0,0.9987,0.5766,0.409
16020306,4.1868,0.0,100.0,0.6262,0.0409,0.0246
16020307,2.3588,0.0,100.0,1.0,0.0215,0.0129
16020308,54.0874,0.0,100.0,0.6419,0.5523,0.441
16020309,63.3142,0.0,100.0,0.9764,0.646,0.5186
16020310,99.6198,78.571,100.0,0.0544,1.0,0.9505
16030001,66.3513,0.0,100.0,1.0,0.6828,0.556
16030002,40.1271,0.0,100.0,1.0,0.3965,0.3269
16030003,4.2253,0.0,100.0,1.0,0.0329,0.023
16030004,0.0,0.0,0.0,0.9991,0.0,0.0
16030005,1.2461,0.0,100.0,0.9993,0.0082,0.005
16030006,10.6278,0.0,100.0,0.9973,0.1083,0.077
16030007,6.8864,0.0,100.0,0.9996,0.0662,0.0495
16030008,0.0868,0.0,4.3168,0.9986,0.0,0.0
16030009,0.0,0.0,0.0,0.8633,0.0,0.0
16040101,48.6811,0.0,100.0,0.9997,0.4928,0.4174
16040102,79.7822,0.0,100.0,1.0,0.8091,0.692
16040103,89.3557,0.0,100.0,1.0,0.91,0.7883
16040104,94.7956,0.0,100.0,1.0,0.9619,0.838
16040105,84.7247,0.0,100.0,0.9988,0.8621,0.7566
16040106,97.9907,0.0,100.0,0.9988,0.9877,0.8845
16040107,41.9503,0.0,100.0,0.9995,0.4207,0.3645
16040108,23.7737,0.0,100.0,0.9983,0.2393,0.1609
16040109,70.7035,0.0,100.0,0.9996,0.731,0.584
16040201,6.096,0.0,100.0,0.9985,0.0584,0.0381
16040202,0.2271,0.0,100.0,0.946,0.0016,0.0011
16040203,4.0552,0.0,100.0,0.9982,0.0379,0.0217
16040204,0.0,0.0,0.0,0.9981,0.0,0.0
16040205,0.0,0.0,0.0,0.9994,0.0,0.0
16050101,90.8663,0.0,100.0,0.6225,0.9249,0.8147
16050102,75.6914,0.0,100.0,0.9994,0.781,0.6422
16050103,39.4954,0.0,100.0,0.8676,0.4098,0.2655
16050104,18.4841,0.0,100.0,0.9971,0.1821,0.1164
16050201,62.0116,0.0,100.0,1.0,0.6461,0.4938
16050202,34.5605,0.0,100.0,1.0,0.3575,0.2245
16050203,1.0942,0.0,100.0,0.9978,0.0059,0.0036
16050301,40.2971,0.0,100.0,1.0,0.4179,0.2866
16050302,32.1948,0.0,100.0,1.0,0.3206,0.2216
16050303,2.539,0.0,100.0,0.9988,0.0191,0.0108
16050304,3.9187,0.0,100.0,0.9986,0.0347,0.0222
16060001,19.3789,0.0,100.0,0.9975,0.1899,0.136
16060002,0.6871,0.0,100.0,0.9982,0.0055,0.0039
16060003,0.0,0.0,0.0,0.9947,0.0,0.0
16060004,30.9038,0.0,100.0,0.9973,0.3108,0.2873
16060005,30.5321,0.0,100.0,0.9974,0.3037,0.2532
16060006,5.6422,0.0,100.0,0.9992,0.0524,0.0298
16060007,10.4701,0.0,100.0,0.9971,0.101,0.061
16060008,0.2654,0.0,100.0,0.9983,0.0022,0.0013
16060009,0.0,0.0,0.0,0.9965,0.0,0.0
16060010,0.0,0.0,0.0,0.9936,0.0,0.0
16060011,0.0,0.0,0.0,0.997,0.0,0.0
16060012,0.0,0.0,0.0,0.9971,0.0,0.0
16060013,0.0,0.0,0.0,0.9985,0.0,0.0
16060014,5.7719,0.0,100.0,0.9957,0.0585,0.0329
16060015,67.1272,0.0,100.0,0.998,0.6907,0.5499
17010101,2.0371,0.0,100.0,0.9999,0.0194,0.0134
17010102,7.6339,0.0,100.0,1.0,0.0762,0.0484
17010103,14.1351,0.0,100.0,1.0,0.1448,0.1035
17010104,21.271,0.0,100.0,1.0,0.2164,0.1667
17010105,17.8358,0.0,100.0,1.0,0.1861,0.1234
17010106,0.0,0.0,0.0,0.9886,0.0,0.0
17010107,0.0144,0.0,100.0,0.9958,0.0001,0.0001
17010108,0.5421,0.0,100.0,1.0,0.0044,0.003
17010109,0.0,0.0,0.0,1.0,0.0,0.0
17010110,0.1533,0.0,100.0,1.0,0.0012,0.0007
17010201,34.2929,0.0,100.0,0.9996,0.3443,0.2711
17010202,64.6486,0.0,100.0,1.0,0.6678,0.5149
17010203,66.5355,0.0,100.0,0.9999,0.6899,0.5366
17010204,38.8933,0.0,100.0,1.0,0.3936,0.2757
17010205,36.7858,0.0,100.0,1.0,0.3792,0.2748
17010206,0.0,0.0,0.0,0.9974,0.0,0.0
17010207,39.5563,0.0,100.0,1.0,0.4075,0.3088
17010208,3.7786,0.0,100.0,0.9995,0.0283,0.0178
17010209,65.6493,0.0,100.0,1.0,0.6831,0.544
17010210,0.0,0.0,0.0,1.0,0.0,0.0
17010211,32.574,0.0,100.0,1.0,0.3252,0.2153
17010212,22.1793,0.0,100.0,0.9998,0.2285,0.1583
17010213,25.2513,0.0,100.0,1.0,0.2514,0.1895
17010214,36.4175,0.0,100.0,0.9992,0.3681,0.2824
17010215,66.3567,0.0,100.0,1.0,0.6859,0.5304
17010216,38.8046,0.0,100.0,1.0,0.3809,0.2782
17010301,66.5845,0.0,100.0,1.0,0.6956,0.5171
17010302,0.6548,0.0,100.0,1.0,0.0064,0.0032
17010303,27.7781,0.0,100.0,1.0,0.2764,0.1934
17010304,38.4723,0.0,100.0,1.0,0.3918,0.3111
17010305,80.2308,0.0,100.0,0.9967,0.7997,0.7223
17010306,92.4454,0.0,100.0,1.0,0.9528,0.7971
17010307,97.3078,0.0,100.0,1.0,0.9913,0.9221
17010308,93.6337,0.0,100.0,1.0,0.9499,0.8627
17020001,32.5675,0.0,100.0,1.0,0.3217,0.2689
17020002,11.3502,0.0,100.0,0.9991,0.1168,0.0851
17020003,53.7445,0.0,100.0,1.0,0.5513,0.4152
17020004,74.4498,0.0,100.0,1.0,0.7695,0.6322
17020005,40.4823,0.0,100.0,0.9998,0.4075,0.3502
17020006,6.3505,0.0,100.0,0.9967,0.0652,0.0441
17020007,0.031,0.0,100.0,0.9821,0.0002,0.0002
17020008,1.892,0.0,100.0,1.0,0.0158,0.0116
17020009,10.005,0.0,100.0,1.0,0.0956,0.0626
17020010,4.0615,0.0,100.0,1.0,0.0341,0.0215
17020011,10.6313,0.0,100.0,1.0,0.1038,0.0702
17020012,9.177,0.0,100.0,1.0,0.0913,0.0858
17020013,99.0058,0.0,100.0,0.9995,0.9904,0.9859
17020014,61.7217,0.0,100.0,0.9974,0.6309,0.5593
17020015,33.9839,0.0,100.0,0.9995,0.351,0.2965
17020016,73.7395,0.0,100.0,0.9994,0.7417,0.6572
17020017,9.5213,0.0,100.0,0.999,0.0946,0.0843
17020018,100.0,100.0,100.0,0.6011,1.0,1.0
17020019,71.5135,0.0,100.0,0.9773,0.7128,0.6905
17020020,62.5136,0.0,100.0,0.9952,0.626,0.5997
17020021,0.5058,0.0,48.216,0.9976,0.0,0.0
17030001,18.2722,0.0,100.0,1.0,0.1868,0.1302
17030002,70.0954,0.0,100.0,1.0,0.7281,0.5652
17030003,62.4112,0.0,100.0,0.9998,0.6224,0.5573
17040101,40.2034,0.0,100.0,1.0,0.4061,0.3041
17040102,33.7735,0.0,100.0,1.0,0.3343,0.2495
17040103,25.1906,0.0,100.0,1.0,0.2415,0.181
17040104,31.0319,0.0,100.0,1.0,0.3012,0.2246
17040105,3.6887,0.0,100.0,1.0,0.0338,0.0236
17040201,92.9014,0.0,100.0,0.9994,0.918,0.8818
17040202,47.1282,0.0,100.0,1.0,0.4696,0.3835
17040203,79.8905,0.0,100.0,1.0,0.8039,0.7286
17040204,82.5885,0.0,100.0,0.9997,0.8398,0.7154
17040205,28.6346,0.0,100.0,1.0,0.2844,0.2547
17040206,96.732,0.0,100.0,0.9989,0.9708,0.9234
17040207,48.1378,0.0,100.0,0.9992,0.4778,0.4435
17040208,66.1616,0.0,100.0,1.0,0.6706,0.5768
17040209,88.066,0.0,100.0,1.0,0.8999,0.8062
17040210,89.2598,0.0,100.0,0.9988,0.9213,0.7486
17040211,46.9994,0.0,100.0,0.9974,0.4822,0.3838
17040212,34.3655,0.0,100.0,0.9999,0.3571,0.288
17040213,15.2944,0.0,100.0,1.0,0.1554,0.1047
17040214,99.4317,0.0,100.0,0.9992,0.997,0.9531
17040215,75.0253,0.0,100.0,0.9982,0.776,0.6338
17040216,37.2244,0.0,100.0,0.9989,0.3639,0.2716
17040217,41.7511,0.0,100.0,0.9986,0.4259,0.3015
17040218,43.5019,0.0,100.0,0.999,0.4336,0.3616
17040219,57.3218,0.0,100.0,0.9998,0.5836,0.4942
17040220,29.4148,0.0,100.0,1.0,0.2875,0.2168
17040221,64.7977,0.0,100.0,0.9994,0.6633,0.5523
17050101,94.9844,0.0,100.0,0.9992,0.9651,0.8826
17050102,82.2109,0.0,100.0,1.0,0.834,0.7453
17050103,84.0513,0.0,100.0,0.9997,0.8622,0.7456
17050104,61.275,0.0,100.0,1.0,0.6195,0.5405
17050105,62.2956,0.0,100.0,0.9998,0.6377,0.5384
17050106,29.658,0.0,100.0,1.0,0.2981,0.2378
17050107,1.0844,0.0,100.0,1.0,0.0009,0.0002
17050108,20.686,0.0,100.0,0.9995,0.202,0.1546
17050109,0.0,0.0,0.0,1.0,0.0,0.0
17050110,70.8315,0.0,100.0,0.9989,0.7064,0.6638
17050111,53.4981,0.0,100.0,1.0,0.565,0.4263
17050112,54.7234,0.0,100.0,1.0,0.562,0.4735
17050113,75.8402,0.0,100.0,1.0,0.7928,0.6299
17050114,98.0079,0.0,100.0,1.0,0.9919,0.9418
17050115,97.0598,29.901,100.0,1.0,0.9669,0.9445
17050116,22.4217,0.0,100.0,1.0,0.2207,0.1754
17050117,93.3266,0.0,100.0,1.0,0.9298,0.8767
17050118,85.4792,0.0,100.0,1.0,0.8758,0.7556
17050119,65.3839,0.0,100.0,1.0,0.6562,0.5441
17050120,4.3834,0.0,100.0,1.0,0.0421,0.0286
17050121,3.591,0.0,100.0,1.0,0.0353,0.0252
17050122,74.1922,0.0,100.0,1.0,0.7485,0.6379
17050123,3.7751,0.0,100.0,1.0,0.0393,0.0278
17050124,59.4412,0.0,100.0,1.0,0.6001,0.4971
17050201,48.95,0.0,100.0,1.0,0.4926,0.4148
17050202,31.0456,0.0,100.0,1.0,0.3191,0.2375
17050203,19.0953,0.0,100.0,0.9998,0.1888,0.139
17060101,1.145,0.0,100.0,1.0,0.0025,0.0019
17060102,7.6847,0.0,100.0,1.0,0.0733,0.0488
17060103,13.351,0.0,100.0,1.0,0.129,0.0981
17060104,68.9749,0.0,100.0,1.0,0.6977,0.6048
17060105,28.6238,0.0,100.0,1.0,0.2962,0.1903
17060106,13.6743,0.0,100.0,1.0,0.1317,0.0984
17060107,72.3788,0.0,100.0,1.0,0.7466,0.6159
17060108,93.1042,0.0,100.0,1.0,0.9378,0.8562
17060109,99.1167,0.0,100.0,1.0,0.9942,0.935
17060110,88.1484,0.0,100.0,0.9991,0.8875,0.816
17060201,12.9525,0.0,100.0,0.9994,0.1305,0.0929
17060202,1.4706,0.0,100.0,1.0,0.0131,0.009
17060203,0.1906,0.0,9.0989,1.0,0.0,0.0
17060204,17.2665,0.0,100.0,1.0,0.1732,0.1072
17060205,0.0,0.0,0.0,1.0,0.0,0.0
17060206,0.0,0.0,0.0,1.0,0.0,0.0
17060207,0.1121,0.0,6.9112,1.0,0.0,0.0
17060208,0.0009,0.0,3.5435,1.0,0.0,0.0
17060209,0.5039,0.0,100.0,1.0,0.0037,0.002
17060210,13.7505,0.0,100.0,1.0,0.1377,0.0879
17060301,4.5384,0.0,100.0,1.0,0.0402,0.0263
17060302,8.3597,0.0,100.0,1.0,0.0843,0.0618
17060303,42.0987,0.0,100.0,1.0,0.4367,0.3385
17060304,0.8697,0.0,15.3,1.0,0.0,0.0
17060305,0.0,0.0,0.0,1.0,0.0,0.0
17060306,20.5601,0.0,100.0,1.0,0.206,0.1879
17060307,19.708,0.0,100.0,1.0,0.1982,0.1323
17060308,34.8582,0.0,100.0,1.0,0.3501,0.2765
17070101,94.9995,0.0,100.0,0.9995,0.9474,0.9263
17070102,89.0426,0.0,100.0,1.0,0.907,0.7964
17070103,99.3861,0.0,100.0,0.9999,0.996,0.9401
17070104,78.5698,0.0,100.0,1.0,0.7984,0.7017
17070105,50.6216,0.0,100.0,1.0,0.5174,0.3876
17070106,61.345,0.0,100.0,1.0,0.641,0.4856
17070201,0.233,0.0,100.0,1.0,0.0019,0.001
17070202,55.0807,0.0,100.0,1.0,0.5598,0.4797
17070203,7.1132,0.0,100.0,1.0,0.0698,0.05
17070204,32.6978,0.0,100.0,1.0,0.3235,0.2898
17070301,17.6182,0.0,100.0,0.9997,0.1802,0.1258
17070302,0.0,0.0,0.0,1.0,0.0,0.0
17070303,0.0,0.0,0.0,1.0,0.0,0.0
17070304,0.0,0.0,0.0,1.0,0.0,0.0
17070305,0.0027,0.0,3.5364,1.0,0.0,0.0
17070306,33.7181,0.0,100.0,1.0,0.3493,0.2592
17070307,1.4007,0.0,100.0,0.9995,0.0132,0.0093
17080001,67.6523,0.0,100.0,1.0,0.6726,0.5672
17080002,68.8395,0.0,100.0,1.0,0.7205,0.556
17080003,72.3315,0.0,100.0,0.9681,0.7245,0.6623
17080004,60.6361,0.0,100.0,1.0,0.6382,0.4611
17080005,86.8547,0.0,100.0,1.0,0.8888,0.7887
17080006,28.9924,0.0,100.0,0.767,0.297,0.224
17090001,0.0,0.0,0.0,1.0,0.0,0.0
17090002,0.0,0.0,0.0,1.0,0.0,0.0
17090003,10.3724,0.0,100.0,1.0,0.1015,0.0764
17090004,22.8364,0.0,100.0,0.9997,0.2317,0.1748
17090005,87.0578,0.0,100.0,1.0,0.8968,0.7283
17090006,58.3379,0.0,100.0,1.0,0.5998,0.4612
17090007,82.8056,0.0,100.0,1.0,0.8228,0.7728
17090008,98.6426,0.0,100.0,1.0,0.9913,0.9299
17090009,90.3285,0.0,100.0,1.0,0.9151,0.8102
17090010,99.9714,92.0,100.0,1.0,1.0,0.9634
17090011,68.1205,0.0,100.0,1.0,0.7098,0.5405
17090012,97.885,0.0,100.0,1.0,0.9693,0.9469
17100101,20.4251,0.0,100.0,0.8361,0.2022,0.1558
17100102,1.5298,0.0,100.0,0.8534,0.0144,0.0091
17100103,47.6064,0.0,100.0,1.0,0.4842,0.3931
17100104,8.0773,0.0,100.0,1.0,0.0743,0.0532
17100105,0.0176,0.0,26.4,0.8334,0.0,0.0
17100106,1.6119,0.0,100.0,0.7459,0.0142,0.0115
17100201,85.0029,0.0,100.0,0.4262,0.8711,0.7346
17100202,83.0473,0.0,100.0,0.9961,0.8478,0.7435
17100203,79.5105,0.0,100.0,0.8271,0.8161,0.6772
17100204,35.4902,0.0,100.0,0.852,0.3577,0.2882
17100205,1.6027,0.0,100.0,0.8171,0.0159,0.0105
17100206,0.0,0.0,0.0,0.9942,0.0,0.0
17100207,0.0,0.0,0.0,0.5958,0.0,0.0
17100301,1.2862,0.0,100.0,1.0,0.0124,0.0071
17100302,0.132,0.0,100.0,1.0,0.0012,0.0008
17100303,0.003,0.0,0.1757,0.9909,0.0,0.0
17100304,0.0,0.0,0.0,0.8085,0.0,0.0
17100305,0.0,0.0,0.0,0.9997,0.0,0.0
17100306,0.0,0.0,0.0,0.6221,0.0,0.0
17100307,25.8105,0.0,100.0,1.0,0.2612,0.1847
17100308,8.4634,0.0,100.0,1.0,0.0787,0.0464
17100309,24.0276,0.0,100.0,1.0,0.2445,0.1676
17100310,0.5669,0.0,16.604,0.9988,0.0,0.0
17100311,6.9989,0.0,100.0,1.0,0.0672,0.0415
17100312,0.0,0.0,0.0,0.8127,0.0,0.0
17110001,34.685,0.0,100.0,0.8162,0.3479,0.2517
17110002,97.2324,0.0,100.0,0.3113,0.9798,0.9219
17110003,93.2267,0.0,100.0,0.1278,0.961,0.8728
17110004,75.0047,0.0,100.0,0.9291,0.7836,0.6068
17110005,28.9641,0.0,100.0,0.9932,0.3059,0.1972
17110006,65.6777,0.0,100.0,1.0,0.7245,0.465
17110007,83.9476,0.0,100.0,1.0,0.8416,0.7505
17110008,93.1145,0.0,100.0,0.9986,0.9577,0.8037
17110009,54.0627,0.0,100.0,1.0,0.5612,0.4111
17110010,54.2663,0.0,100.0,1.0,0.5417,0.4504
17110011,98.2149,50.169,100.0,0.9968,1.0,0.9136
17110012,85.7604,0.0,100.0,0.9441,0.8645,0.7774
17110013,80.0418,0.0,100.0,0.9987,0.847,0.6629
17110014,83.9003,0.0,100.0,1.0,0.8697,0.7033
17110015,59.1376,0.0,100.0,1.0,0.6119,0.4923
17110016,38.9097,0.0,100.0,1.0,0.3987,0.2919
17110017,20.4747,0.0,100.0,0.9973,0.1913,0.1753
17110018,77.7301,0.0,100.0,0.8275,0.801,0.6796
17110019,85.6291,0.0,100.0,0.5792,0.8679,0.8149
17110020,72.4874,0.0,100.0,0.5025,0.7817,0.5497
17110021,60.3916,0.0,100.0,0.162,0.6217,0.504
17120001,1.8763,0.0,100.0,0.9256,0.0174,0.0135
17120002,0.0,0.0,0.0,0.9976,0.0,0.0
17120003,0.0,0.0,0.0,0.9987,0.0,0.0
17120004,0.0,0.0,0.0,0.9983,0.0,0.0
17120005,0.0,0.0,0.0,0.9981,0.0,0.0
17120006,0.0,0.0,0.0,0.9993,0.0,0.0
17120007,0.0,0.0,0.0,0.9985,0.0,0.0
17120008,0.0,0.0,0.0,0.9966,0.0,0.0
17120009,1.8458,0.0,100.0,0.997,0.0179,0.0124
18010101,25.1619,0.0,100.0,0.8105,0.2556,0.1955
18010102,87.3175,0.0,100.0,0.7881,0.8908,0.7714
18010103,67.7073,0.0,100.0,1.0,0.6871,0.5959
18010104,78.5018,0.0,100.0,1.0,0.8128,0.6741
18010105,82.8932,0.0,100.0,0.9953,0.8641,0.7122
18010106,64.3285,0.0,100.0,1.0,0.6842,0.5196
18010107,83.2985,0.0,100.0,0.6637,0.8623,0.7241
18010108,11.496,0.0,100.0,0.7807,0.1109,0.0757
18010109,26.6504,0.0,100.0,0.7081,0.2638,0.1813
18010110,66.8314,0.0,100.0,1.0,0.6886,0.5476
18010201,7.4883,0.0,100.0,1.0,0.0718,0.054
18010202,2.7814,0.0,100.0,1.0,0.0282,0.0166
18010203,40.6413,0.0,100.0,1.0,0.4138,0.316
18010204,5.1468,0.0,100.0,0.9994,0.0495,0.0315
18010205,37.0642,0.0,100.0,0.9982,0.3741,0.2524
18010206,40.9457,0.0,100.0,1.0,0.419,0.302
18010207,34.1679,0.0,100.0,1.0,0.3439,0.233
18010208,53.084,0.0,100.0,1.0,0.5548,0.3825
18010209,65.913,0.0,100.0,0.9991,0.674,0.5492
18010210,77.2584,0.0,100.0,1.0,0.8221,0.6023
18010211,57.0189,0.0,100.0,1.0,0.6127,0.4207
18010212,60.5471,0.0,100.0,1.0,0.6474,0.45
18020001,0.0,0.0,0.0,0.8493,0.0,0.0
18020002,0.0527,0.0,100.0,1.0,0.0003,0.0003
18020003,10.86,0.0,100.0,0.9997,0.1078,0.0753
18020004,26.9102,0.0,100.0,1.0,0.266,0.191
18020005,57.2245,0.0,100.0,1.0,0.5861,0.4319
18020104,93.9136,0.0,100.0,0.9998,0.9444,0.8153
18020111,71.9332,0.0,100.0,1.0,0.7949,0.5
18020115,95.0085,0.0,100.0,1.0,0.9679,0.8177
18020116,98.8466,0.0,100.0,1.0,0.9924,0.933
18020121,80.2165,0.0,100.0,1.0,0.8389,0.6667
18020122,67.431,0.0,100.0,1.0,0.7133,0.5382
18020123,66.979,0.0,100.0,1.0,0.6948,0.5374
18020125,86.131,0.0,100.0,1.0,0.8935,0.7116
18020126,87.8283,0.0,100.0,1.0,0.9133,0.6977
18020128,94.8474,0.0,100.0,1.0,0.9648,0.8227
18020129,92.0387,0.0,100.0,1.0,0.9382,0.7885
18020151,31.8065,0.0,100.0,1.0,0.3083,0.2922
18020152,86.661,0.0,100.0,1.0,0.8945,0.7362
18020153,52.5975,0.0,100.0,1.0,0.5256,0.4079
18020154,79.215,0.0,100.0,1.0,0.8033,0.6925
18020155,81.8781,0.0,100.0,1.0,0.8131,0.7001
18020156,85.5582,0.0,100.0,1.0,0.876,0.725
18020157,91.4498,0.0,100.0,1.0,0.924,0.8086
18020158,94.5506,0.0,100.0,0.9991,0.9595,0.817
18020159,89.4226,0.0,100.0,0.9995,0.9313,0.7383
18020161,67.595,0.0,100.0,1.0,0.7532,0.4781
18020162,99.9987,98.585,100.0,1.0,1.0,0.9989
18020163,94.9576,0.0,100.0,0.9884,0.9685,0.8695
18030001,50.6188,0.0,100.0,1.0,0.5138,0.3945
18030002,20.6332,0.0,100.0,0.9996,0.2034,0.1625
18030003,64.6979,0.0,100.0,0.9957,0.6629,0.5116
18030004,71.2859,0.0,100.0,0.9993,0.7096,0.6551
18030005,84.4713,0.0,100.0,0.9968,0.8684,0.7672
18030006,83.2409,0.0,100.0,0.9992,0.8817,0.6679
18030007,92.1199,0.0,100.0,1.0,0.9501,0.8412
18030009,91.0344,0.0,100.0,0.9982,0.9259,0.834
18030010,36.0632,0.0,100.0,1.0,0.3648,0.2621
18030012,83.7303,0.0,100.0,0.9985,0.8455,0.7646
18040001,70.2348,0.0,100.0,0.9989,0.7228,0.5889
18040002,66.3711,0.0,100.0,0.9992,0.6857,0.5499
18040003,79.5289,0.0,100.0,0.9827,0.8621,0.5834
18040006,52.7386,0.0,100.0,1.0,0.5548,0.3911
18040007,79.5202,0.0,100.0,1.0,0.8137,0.677
18040008,61.3044,0.0,100.0,1.0,0.6544,0.4655
18040009,67.523,0.0,100.0,1.0,0.7121,0.5211
18040010,88.692,0.0,100.0,1.0,0.9142,0.7189
18040011,81.1568,0.0,100.0,1.0,0.8488,0.6748
18040012,86.914,0.0,100.0,0.9994,0.8853,0.7668
18040013,86.5796,0.0,100.0,1.0,0.8846,0.7614
18040014,72.9726,0.0,100.0,0.9988,0.7573,0.5756
18040051,75.6429,0.0,100.0,1.0,0.8139,0.5538
18050001,99.0653,0.0,100.0,0.9226,0.9944,0.9529
18050002,93.044,0.0,100.0,0.8252,0.9425,0.8839
18050003,77.4051,0.0,100.0,1.0,0.8055,0.6127
18050004,90.3336,0.0,100.0,0.8506,0.926,0.7775
18050005,55.2216,0.0,100.0,0.5487,0.5727,0.4615
18050006,76.9827,0.0,100.0,0.5917,0.8054,0.6291
18060002,66.3455,0.0,100.0,1.0,0.6913,0.5312
18060003,80.6923,0.0,100.0,0.9991,0.832,0.6612
18060004,66.4137,0.0,100.0,1.0,0.6807,0.5384
18060005,68.797,0.0,100.0,0.9995,0.7073,0.5819
18060006,45.9163,0.0,100.0,0.6898,0.4827,0.3602
18060007,92.6914,0.0,100.0,0.9997,0.9375,0.8459
18060008,47.8911,0.0,100.0,0.9994,0.4976,0.3944
18060009,0.0,0.0,0.0,0.7314,0.0,0.0
18060010,37.065,0.0,100.0,0.9996,0.3747,0.2858
18060013,52.2874,0.0,100.0,0.5243,0.5417,0.4574
18060014,40.4653,0.0,100.0,0.215,0.4219,0.345
18060015,52.5081,0.0,100.0,0.6218,0.5353,0.4251
18070101,98.1022,0.0,100.0,0.8382,0.9846,0.9441
18070102,81.6704,0.0,100.0,0.9998,0.8478,0.7041
18070103,99.0455,0.0,100.0,0.8528,0.9947,0.964
18070104,72.2235,0.0,100.0,0.6444,0.7357,0.6504
18070105,82.0172,0.0,100.0,0.9995,0.829,0.7689
18070106,70.3804,0.0,100.0,0.9287,0.7085,0.6432
18070107,29.6715,0.0,100.0,0.1809,0.317,0.2141
18070201,65.9577,0.0,100.0,0.6851,0.6726,0.568
18070202,57.4504,0.0,100.0,0.9995,0.5745,0.4981
18070203,93.7024,0.0,100.0,0.9998,0.9512,0.8408
18070204,99.17,0.0,100.0,0.8027,0.9924,0.9873
18070301,94.0799,0.0,100.0,0.803,0.9468,0.9009
18070302,70.656,0.0,100.0,1.0,0.7101,0.638
18070303,82.6562,0.0,100.0,0.9293,0.8321,0.7696
18070304,96.4052,0.0,100.0,0.8879,0.9754,0.9226
18070305,99.9133,0.0,100.0,0.2711,0.9991,0.9905
18080001,0.0,0.0,0.0,0.998,0.0,0.0
18080002,0.0,0.0,0.0,0.9987,0.0,0.0
18080003,23.6221,0.0,100.0,0.9991,0.2473,0.1633
18090101,23.7063,0.0,100.0,0.9986,0.2481,0.1684
18090102,13.6809,0.0,100.0,0.9996,0.129,0.0867
18090103,1.743,0.0,100.0,0.9188,0.011,0.0061
18090201,0.0,0.0,0.0,0.9979,0.0,0.0
18090202,2.395,0.0,100.0,0.9999,0.0237,0.0137
18090203,5.2961,0.0,100.0,0.9989,0.0509,0.0411
18090204,0.4766,0.0,100.0,0.9983,0.004,0.0026
18090205,0.0,0.0,0.0,0.9971,0.0,0.0
18090206,26.8536,0.0,100.0,0.9962,0.2726,0.2031
18090207,0.4468,0.0,100.0,0.9973,0.0036,0.0019
18090208,24.4083,0.0,100.0,0.999,0.2469,0.192
18100100,20.0367,0.0,100.0,0.9979,0.201,0.1506
18100201,10.4426,0.0,100.0,0.9984,0.0973,0.0616
18100202,79.4855,0.0,100.0,0.8689,0.8272,0.6714
18100203,41.1422,0.0,100.0,0.9977,0.4254,0.2946
18100204,86.0383,0.0,100.0,0.7321,0.8645,0.822
19010102,,,,,,
19010103,,,,,,
19010104,,,,,,
19010105,,,,,,
19010106,,,,,,
19010107,,,,,,
19010108,,,,,,
19010109,,,,,,
19010110,,,,,,
19010111,,,,,,
19010112,,,,,,
19010113,,,,,,
19010114,,,,,,
19010115,,,,,,
19010204,,,,,,
19010205,,,,,,
19010206,,,,,,
19010207,,,,,,
19010208,,,,,,
19010209,,,,,,
19010210,,,,,,
19010211,,,,,,
19010212,,,,,,
19010213,,,,,,
19010214,,,,,,
19010215,,,,,,
19010216,,,,,,
19010217,,,,,,
19010218,,,,,,
19010219,,,,,,
19010220,,,,,,
19010221,,,,,,
19010222,,,,,,
19010223,,,,,,
19010224,,,,,,
19010225,,,,,,
19010226,,,,,,
19010301,,,,,,
19010302,,,,,,
19010303,,,,,,
19010304,,,,,,
19010305,,,,,,
19010306,,,,,,
19010307,,,,,,
19010308,,,,,,
19010401,,,,,,
19010402,,,,,,
19010403,,,,,,
19010404,,,,,,
19010405,,,,,,
19010406,,,,,,
19010500,,,,,,
19020101,,,,,,
19020102,,,,,,
19020103,,,,,,
19020104,,,,,,
19020201,,,,,,
19020202,,,,,,
19020203,,,,,,
19020301,,,,,,
19020302,,,,,,
19020401,,,,,,
19020402,,,,,,
19020501,,,,,,
19020502,,,,,,
19020503,,,,,,
19020504,,,,,,
19020505,,,,,,
19020601,,,,,,
19020602,,,,,,
19020701,,,,,,
19020702,,,,,,
19020800,,,,,,
19030101,,,,,,
19030102,,,,,,
19030103,,,,,,
19030104,,,,,,
19030201,,,,,,
19030202,,,,,,
19030203,,,,,,
19030204,,,,,,
19030205,,,,,,
19030206,,,,,,
19030301,,,,,,
19030302,,,,,,
19030303,,,,,,
19030304,,,,,,
19030305,,,,,,
19030306,,,,,,
19030401,,,,,,
19030403,,,,,,
19030404,,,,,,
19030405,,,,,,
19030406,,,,,,
19030407,,,,,,
19030501,,,,,,
19030502,,,,,,
19030503,,,,,,
19050101,,,,,,
19050102,,,,,,
19050103,,,,,,
19050104,,,,,,
19050105,,,,,,
19050201,,,,,,
19050202,,,,,,
19050203,,,,,,
19050301,,,,,,
19050302,,,,,,
19050303,,,,,,
19050304,,,,,,
19050401,,,,,,
19050402,,,,,,
19050403,,,,,,
19050404,,,,,,
19050405,,,,,,
19050500,,,,,,
19060101,,,,,,
19060102,,,,,,
19060103,,,,,,
19060201,,,,,,
19060202,,,,,,
19060203,,,,,,
19060204,,,,,,
19060205,,,,,,
19060206,,,,,,
19060301,,,,,,
19060302,,,,,,
19060303,,,,,,
19060304,,,,,,
19060401,,,,,,
19060402,,,,,,
19060403,,,,,,
19060501,,,,,,
19060502,,,,,,
19060504,,,,,,
19060505,,,,,,
19060506,,,,,,
19070101,,,,,,
19070102,,,,,,
19070103,,,,,,
19070104,,,,,,
19070105,,,,,,
19070106,,,,,,
19070107,,,,,,
19070108,,,,,,
19070109,,,,,,
19070110,,,,,,
19070201,,,,,,
19070202,,,,,,
19070203,,,,,,
19070301,,,,,,
19070302,,,,,,
19070303,,,,,,
19070304,,,,,,
19070401,,,,,,
19070402,,,,,,
19070403,,,,,,
19070404,,,,,,
19070501,,,,,,
19070502,,,,,,
19070503,,,,,,
19070505,,,,,,
19070506,,,,,,
19080101,,,,,,
19080102,,,,,,
19080103,,,,,,
19080104,,,,,,
19080105,,,,,,
19080106,,,,,,
19080107,,,,,,
19080108,,,,,,
19080201,,,,,,
19080202,,,,,,
19080203,,,,,,
19080204,,,,,,
19080301,,,,,,
19080302,,,,,,
19080303,,,,,,
19080304,,,,,,
19080305,,,,,,
19080306,,,,,,
19080307,,,,,,
19080308,,,,,,
19080309,,,,,,
19080310,,,,,,
19080311,,,,,,
19080401,,,,,,
19080402,,,,,,
19080403,,,,,,
19080404,,,,,,
19090101,,,,,,
19090102,,,,,,
19090103,,,,,,
19090104,,,,,,
19090105,,,,,,
19090106,,,,,,
19090107,,,,,,
19090108,,,,,,
19090109,,,,,,
19090201,,,,,,
19090202,,,,,,
19090203,,,,,,
19090204,,,,,,
19090205,,,,,,
19090301,,,,,,
19090302,,,,,,
19090303,,,,,,
19090304,,,,,,
19090305,,,,,,
20010000,,,,,,
20020000,,,,,,
20030000,,,,,,
20040000,,,,,,
20050000,,,,,,
20060000,,,,,,
20070000,,,,,,
20080001,,,,,,
20080002,,,,,,
20090001,,,,,,
20090002,,,,,,
20090003,,,,,,
20090004,,,,,,
20090005,,,,,,
20090006,,,,,,
20090007,,,,,,
20090008,,,,,,
20090009,,,,,,
20090010,,,,,,
21010002,,,,,,
21010003,,,,,,
21010004,,,,,,
21010005,,,,,,
21010007,,,,,,
21010008,,,,,,
21020001,,,,,,
21020002,,,,,,
22010000,,,,,,
22020101,,,,,,
22020102,,,,,,
22020103,,,,,,
22020104,,,,,,
22020201,,,,,,
22020202,,,,,,
22020203,,,,,,
22020204,,,,,,
22020205,,,,,,
22020206,,,,,,
22020207,,,,,,
22020208,,,,,,
22020209,,,,,,
22020210,,,,,,
22030001,,,,,,
22030002,,,,,,
22030003,,,,,,
22030004,,,,,,
22030005,,,,,,
22040001,,,,,,
22040002,,,,,,
22040003,,,,,,
22040004,,,,,,
22040005,,,,,,
22040006,,,,,,
22040007,,,,,,
